HealthID,HealthType,HealthAnnualPremium
H100001,Core,489
H100004,Enhanced,1623
H100009,Enhanced,974
H100011,Core,1568
H100012,Core,432
H100013,Enhanced,494
H100015,Enhanced,873
H100016,Core,1656
H100017,Enhanced,396
H100019,Enhanced,593
H100021,Enhanced,1093
H100022,Enhanced,1570
H100023,Core,582
H100024,Core,1483
H100025,Family,1083
H100026,Family,1455
H100028,Enhanced,1426
H100029,Enhanced,1731
H100030,Core,437
H100031,Enhanced,1250
H100035,Enhanced,1034
H100036,Enhanced,857
H100037,Core,1460
H100038,Core,1239
H100040,Family,1016
H100042,Enhanced,1394
H100043,Family,1211
H100044,Enhanced,896
H100047,Family,853
H100050,Core,731
H100051,Core,795
H100053,Enhanced,1084
H100059,Enhanced,621
H100060,Core,1697
H100061,Enhanced,1222
H100062,Core,1295
H100063,Core,1211
H100066,Family,1695
H100067,Enhanced,1578
H100069,Core,1062
H100070,Core,866
H100073,Family,1770
H100074,Family,1249
H100076,Core,1537
H100077,Enhanced,559
H100078,Enhanced,881
H100079,Core,747
H100080,Enhanced,1022
H100081,Core,1105
H100083,Core,1846
H100084,Enhanced,507
H100085,Core,1780
H100087,Enhanced,1567
H100088,Core,965
H100089,Enhanced,771
H100091,Family,1600
H100092,Enhanced,554
H100094,Enhanced,1714
H100095,Enhanced,1764
H100096,Family,727
H100100,Enhanced,1190
H100102,Core,1126
H100103,Core,1500
H100104,Enhanced,1485
H100106,Family,1842
H100107,Core,465
H100108,Enhanced,1576
H100110,Enhanced,1558
H100111,Core,1462
H100113,Enhanced,666
H100114,Core,1464
H100119,Enhanced,1068
H100120,Family,768
H100121,Family,912
H100122,Enhanced,971
H100123,Core,1460
H100124,Enhanced,651
H100125,Family,699
H100126,Core,905
H100127,Core,1049
H100128,Core,1769
H100129,Enhanced,748
H100134,Enhanced,1709
H100135,Core,432
H100136,Enhanced,1115
H100137,Family,1615
H100139,Core,816
H100140,Enhanced,686
H100141,Family,1258
H100144,Family,698
H100146,Core,373
H100147,Core,420
H100148,Enhanced,1068
H100150,Core,1104
H100154,Enhanced,389
H100155,Enhanced,753
H100156,Family,1485
H100160,Enhanced,1198
H100161,Family,1267
H100162,Enhanced,1435
H100165,Enhanced,1705
H100166,Core,418
H100168,Family,1074
H100170,Enhanced,650
H100171,Core,1350
H100172,Core,936
H100174,Enhanced,580
H100175,Core,1669
H100176,Family,1124
H100177,Core,514
H100178,Enhanced,687
H100179,Core,1465
H100180,Enhanced,1055
H100182,Family,1780
H100183,Core,425
H100184,Core,466
H100185,Core,1384
H100186,Core,849
H100187,Enhanced,1661
H100188,Core,1504
H100189,Core,384
H100194,Enhanced,1752
H100195,Family,1780
H100196,Core,720
H100199,Family,1268
H100200,Family,1312
H100202,Enhanced,406
H100203,Enhanced,1447
H100208,Enhanced,1802
H100209,Core,956
H100210,Family,1829
H100214,Family,1354
H100216,Core,1452
H100217,Core,1173
H100218,Core,1387
H100219,Enhanced,1755
H100224,Family,1235
H100228,Core,1158
H100232,Enhanced,604
H100233,Family,1124
H100234,Core,1645
H100237,Enhanced,1353
H100238,Enhanced,1424
H100240,Core,578
H100241,Enhanced,1620
H100243,Core,1146
H100244,Enhanced,1034
H100247,Core,426
H100249,Family,1689
H100251,Enhanced,1290
H100252,Family,818
H100253,Enhanced,1151
H100254,Enhanced,1713
H100256,Core,1609
H100257,Enhanced,796
H100258,Family,1546
H100260,Enhanced,361
H100264,Enhanced,998
H100265,Core,1172
H100266,Core,1338
H100267,Core,351
H100268,Core,804
H100270,Family,735
H100272,Enhanced,931
H100274,Enhanced,1387
H100275,Core,467
H100277,Family,1474
H100278,Core,501
H100280,Core,1110
H100281,Family,1578
H100282,Enhanced,1668
H100283,Core,1807
H100284,Core,997
H100285,Core,1083
H100286,Enhanced,1701
H100287,Core,541
H100288,Enhanced,1714
H100290,Core,482
H100291,Enhanced,486
H100292,Enhanced,418
H100294,Family,695
H100300,Core,1668
H100302,Core,661
H100303,Core,1013
H100305,Core,1558
H100307,Core,1670
H100308,Core,1008
H100310,Family,894
H100311,Family,1046
H100315,Enhanced,1232
H100317,Core,833
H100318,Enhanced,1360
H100319,Enhanced,1561
H100321,Enhanced,425
H100324,Core,1582
H100325,Family,1372
H100326,Core,437
H100327,Core,1549
H100329,Core,1093
H100330,Core,383
H100331,Family,472
H100337,Enhanced,438
H100339,Family,960
H100341,Family,1133
H100342,Enhanced,710
H100343,Family,1807
H100344,Family,396
H100345,Core,1809
H100346,Core,576
H100347,Core,514
H100348,Enhanced,1087
H100349,Family,1491
H100350,Core,1341
H100351,Family,1539
H100352,Enhanced,1029
H100354,Core,1665
H100356,Enhanced,1496
H100358,Family,415
H100359,Core,1102
H100362,Core,1808
H100364,Enhanced,1439
H100365,Enhanced,1582
H100369,Core,1429
H100370,Family,1261
H100371,Core,852
H100372,Core,450
H100373,Family,802
H100375,Enhanced,710
H100376,Enhanced,1436
H100378,Core,869
H100379,Core,880
H100380,Core,1636
H100381,Family,643
H100383,Core,1491
H100386,Core,878
H100390,Family,1761
H100391,Family,1782
H100392,Enhanced,983
H100393,Core,1522
H100394,Core,1725
H100396,Family,1254
H100397,Enhanced,1693
H100398,Family,1374
H100399,Enhanced,377
H100400,Family,1262
H100401,Family,708
H100402,Core,1236
H100403,Core,1549
H100404,Core,647
H100405,Enhanced,1347
H100407,Core,1162
H100410,Core,684
H100411,Enhanced,1489
H100412,Enhanced,1522
H100413,Core,360
H100414,Family,824
H100416,Core,460
H100417,Enhanced,1253
H100418,Enhanced,1672
H100419,Enhanced,1751
H100423,Enhanced,944
H100425,Enhanced,709
H100426,Family,820
H100427,Family,433
H100433,Family,874
H100434,Family,1340
H100437,Enhanced,377
H100438,Enhanced,1442
H100440,Core,1615
H100442,Enhanced,818
H100444,Core,1501
H100448,Core,1052
H100449,Family,1832
H100451,Enhanced,1101
H100454,Core,1249
H100455,Enhanced,1573
H100456,Core,760
H100458,Family,1389
H100459,Core,1626
H100460,Enhanced,759
H100461,Enhanced,1560
H100462,Enhanced,759
H100464,Core,1264
H100466,Family,837
H100467,Family,1293
H100468,Core,568
H100469,Core,1564
H100470,Enhanced,551
H100473,Core,852
H100474,Core,1576
H100475,Enhanced,494
H100476,Enhanced,1597
H100478,Family,951
H100480,Family,740
H100481,Enhanced,1597
H100483,Core,1625
H100484,Core,1642
H100487,Core,1206
H100488,Enhanced,646
H100489,Enhanced,1418
H100490,Family,1405
H100491,Enhanced,1670
H100492,Core,1455
H100493,Enhanced,812
H100494,Core,1021
H100495,Core,1343
H100498,Core,1515
H100499,Core,812
H100500,Core,739
H100502,Enhanced,1704
H100503,Family,1838
H100504,Family,799
H100506,Core,447
H100510,Enhanced,1288
H100511,Family,373
H100512,Family,636
H100513,Family,1139
H100514,Enhanced,904
H100515,Family,423
H100516,Enhanced,877
H100517,Core,1361
H100521,Core,1475
H100522,Family,1478
H100524,Family,779
H100525,Enhanced,1344
H100530,Enhanced,841
H100531,Core,1326
H100532,Enhanced,364
H100534,Enhanced,964
H100535,Core,823
H100538,Enhanced,1350
H100539,Enhanced,758
H100540,Family,799
H100541,Family,1166
H100544,Core,1330
H100545,Core,952
H100548,Core,1688
H100549,Core,1820
H100553,Enhanced,1259
H100554,Enhanced,1169
H100555,Core,1131
H100557,Family,459
H100560,Family,967
H100561,Core,1564
H100562,Enhanced,1389
H100563,Core,429
H100564,Enhanced,557
H100565,Enhanced,1605
H100566,Core,1452
H100569,Enhanced,958
H100570,Family,1762
H100571,Family,442
H100574,Enhanced,1492
H100575,Family,1816
H100576,Family,1005
H100577,Family,1093
H100578,Core,668
H100579,Core,1632
H100580,Family,1438
H100584,Family,980
H100588,Enhanced,701
H100589,Family,1042
H100592,Enhanced,1027
H100594,Core,893
H100595,Family,1608
H100596,Family,903
H100600,Enhanced,521
H100601,Family,1540
H100602,Core,1445
H100603,Enhanced,396
H100605,Core,1393
H100606,Enhanced,1084
H100607,Enhanced,1360
H100608,Core,748
H100609,Core,617
H100611,Core,1185
H100616,Enhanced,431
H100617,Core,672
H100618,Enhanced,416
H100620,Enhanced,873
H100622,Core,1709
H100623,Family,1149
H100624,Enhanced,1457
H100626,Enhanced,1462
H100628,Core,539
H100629,Enhanced,1768
H100631,Enhanced,581
H100632,Family,714
H100633,Core,1333
H100635,Family,1074
H100636,Family,672
H100638,Family,872
H100639,Family,962
H100641,Core,1259
H100642,Enhanced,1535
H100643,Core,899
H100644,Enhanced,938
H100647,Enhanced,495
H100648,Family,1782
H100649,Family,1271
H100650,Family,739
H100653,Core,403
H100655,Family,1774
H100658,Family,414
H100659,Enhanced,623
H100660,Core,1676
H100661,Core,857
H100662,Enhanced,1655
H100663,Core,1175
H100665,Core,1194
H100668,Core,1748
H100670,Enhanced,377
H100671,Enhanced,871
H100672,Core,864
H100673,Family,1449
H100674,Core,869
H100675,Core,1670
H100676,Enhanced,1431
H100678,Enhanced,1711
H100679,Core,1567
H100682,Enhanced,1470
H100684,Core,881
H100685,Core,1441
H100686,Enhanced,982
H100687,Core,864
H100688,Family,686
H100689,Enhanced,1693
H100694,Core,1441
H100695,Family,423
H100696,Enhanced,873
H100697,Enhanced,1220
H100698,Family,1408
H100700,Enhanced,810
H100702,Core,1410
H100703,Family,758
H100704,Family,584
H100705,Core,480
H100708,Core,1678
H100709,Enhanced,1336
H100711,Enhanced,1586
H100712,Core,1154
H100714,Family,1224
H100719,Core,786
H100721,Family,479
H100722,Family,1422
H100724,Core,600
H100725,Enhanced,1662
H100727,Core,488
H100728,Enhanced,1815
H100729,Enhanced,1045
H100732,Family,774
H100734,Enhanced,748
H100735,Core,1366
H100736,Core,1596
H100739,Core,1063
H100740,Enhanced,1003
H100742,Family,1668
H100743,Family,1028
H100747,Core,846
H100748,Family,1732
H100749,Core,1553
H100751,Family,1216
H100752,Core,366
H100754,Core,931
H100755,Family,1816
H100757,Enhanced,1825
H100759,Family,1359
H100760,Family,1043
H100761,Core,1639
H100763,Core,1219
H100765,Enhanced,439
H100766,Enhanced,923
H100769,Enhanced,835
H100771,Core,1353
H100772,Core,679
H100773,Enhanced,1513
H100774,Core,714
H100775,Enhanced,1292
H100776,Core,801
H100779,Family,722
H100781,Enhanced,1407
H100782,Core,1763
H100783,Family,1549
H100784,Enhanced,1117
H100785,Enhanced,1721
H100786,Core,1589
H100787,Core,1726
H100788,Family,363
H100789,Core,1569
H100791,Enhanced,1126
H100792,Core,1397
H100793,Enhanced,1753
H100794,Enhanced,1129
H100796,Core,1382
H100797,Core,1824
H100798,Enhanced,521
H100800,Core,1463
H100802,Family,1414
H100803,Enhanced,635
H100804,Family,372
H100805,Family,1298
H100806,Core,903
H100807,Family,820
H100809,Family,705
H100812,Enhanced,1166
H100815,Enhanced,727
H100817,Core,461
H100818,Core,412
H100819,Core,739
H100820,Core,1275
H100823,Enhanced,1142
H100824,Enhanced,1462
H100827,Core,1248
H100828,Core,787
H100829,Core,1726
H100830,Family,1230
H100831,Family,1278
H100833,Core,1096
H100835,Family,984
H100836,Family,1839
H100840,Family,934
H100841,Family,1568
H100843,Enhanced,475
H100844,Core,1769
H100845,Family,1485
H100848,Family,1586
H100849,Core,829
H100850,Enhanced,1336
H100851,Enhanced,1483
H100854,Enhanced,456
H100855,Enhanced,1323
H100858,Core,1636
H100859,Enhanced,1621
H100861,Core,1491
H100862,Core,1690
H100863,Enhanced,773
H100864,Core,1383
H100866,Enhanced,754
H100867,Core,1644
H100869,Enhanced,1136
H100870,Core,1591
H100871,Core,774
H100872,Family,810
H100874,Enhanced,1805
H100875,Enhanced,1706
H100876,Enhanced,640
H100877,Core,930
H100878,Core,580
H100881,Core,1304
H100883,Family,415
H100885,Enhanced,388
H100887,Family,1178
H100888,Family,1692
H100891,Core,1460
H100892,Family,1393
H100894,Enhanced,1229
H100895,Enhanced,621
H100898,Enhanced,662
H100903,Enhanced,1275
H100904,Core,1735
H100905,Core,421
H100906,Core,918
H100908,Core,632
H100911,Core,561
H100913,Core,880
H100914,Family,636
H100915,Core,717
H100919,Family,1007
H100920,Enhanced,1464
H100921,Core,1166
H100923,Core,1165
H100929,Core,1252
H100931,Core,688
H100932,Core,459
H100933,Family,392
H100934,Core,1651
H100937,Enhanced,1664
H100940,Enhanced,854
H100941,Enhanced,1526
H100944,Family,739
H100945,Enhanced,807
H100947,Core,1381
H100948,Family,1741
H100952,Family,1270
H100953,Family,1789
H100955,Family,1839
H100956,Core,394
H100957,Enhanced,965
H100958,Core,1057
H100959,Enhanced,624
H100960,Family,669
H100962,Core,1809
H100963,Enhanced,618
H100968,Family,1073
H100970,Core,1072
H100972,Enhanced,1342
H100974,Family,1171
H100975,Core,413
H100976,Core,1026
H100977,Core,853
H100979,Core,542
H100985,Enhanced,1830
H100986,Enhanced,1160
H100987,Core,1796
H100988,Enhanced,1723
H100989,Core,1826
H100990,Family,705
H100991,Core,1585
H100992,Enhanced,410
H100993,Core,1100
H100994,Family,1652
H100995,Enhanced,1208
H100996,Family,652
H101000,Core,462
H101001,Family,1037
H101002,Core,1539
H101005,Core,1729
H101006,Enhanced,1473
H101007,Core,1013
H101010,Family,1412
H101013,Core,1525
H101016,Family,923
H101018,Enhanced,745
H101019,Enhanced,748
H101020,Enhanced,1468
H101023,Enhanced,1564
H101024,Enhanced,641
H101025,Enhanced,1811
H101026,Enhanced,378
H101027,Family,985
H101028,Core,1074
H101029,Core,433
H101031,Enhanced,1436
H101032,Enhanced,1701
H101035,Family,706
H101037,Family,1384
H101038,Family,1776
H101040,Enhanced,1357
H101041,Family,1027
H101042,Core,1766
H101045,Core,952
H101047,Family,1355
H101048,Family,1505
H101049,Core,1276
H101050,Family,821
H101051,Family,1415
H101052,Core,814
H101054,Core,1075
H101055,Family,1167
H101057,Core,780
H101058,Core,1500
H101060,Enhanced,727
H101062,Family,591
H101063,Family,1439
H101064,Enhanced,1670
H101066,Family,713
H101068,Enhanced,1126
H101069,Enhanced,1746
H101071,Core,904
H101073,Enhanced,954
H101075,Enhanced,1397
H101076,Core,1300
H101077,Core,540
H101079,Core,414
H101080,Core,896
H101082,Enhanced,1023
H101083,Core,1269
H101084,Core,949
H101085,Family,547
H101086,Family,1481
H101087,Enhanced,997
H101088,Core,433
H101089,Enhanced,1245
H101090,Enhanced,953
H101091,Core,1153
H101092,Core,1637
H101096,Enhanced,636
H101097,Enhanced,1352
H101099,Core,527
H101100,Core,1516
H101101,Enhanced,898
H101102,Enhanced,1494
H101103,Enhanced,411
H101105,Family,1342
H101106,Core,726
H101107,Family,936
H101108,Core,700
H101109,Family,949
H101110,Enhanced,1537
H101111,Enhanced,426
H101114,Enhanced,1253
H101116,Enhanced,642
H101118,Family,945
H101119,Core,1187
H101120,Core,494
H101123,Family,1692
H101124,Enhanced,1371
H101126,Core,1268
H101129,Family,1745
H101130,Family,930
H101131,Enhanced,560
H101132,Enhanced,1597
H101135,Core,1302
H101136,Enhanced,1023
H101137,Family,477
H101139,Core,739
H101142,Core,1224
H101143,Family,470
H101144,Core,1172
H101145,Family,1592
H101147,Core,1024
H101149,Core,1273
H101150,Family,674
H101152,Core,1221
H101153,Enhanced,624
H101154,Core,1431
H101155,Family,1148
H101156,Core,1257
H101157,Family,830
H101158,Family,875
H101160,Core,1338
H101161,Core,1276
H101162,Enhanced,1387
H101163,Family,560
H101164,Core,631
H101166,Family,794
H101167,Family,930
H101168,Enhanced,1155
H101170,Core,1130
H101171,Enhanced,453
H101172,Enhanced,402
H101173,Enhanced,1582
H101174,Core,1219
H101175,Enhanced,416
H101176,Family,1629
H101179,Enhanced,908
H101181,Enhanced,1343
H101183,Core,1031
H101185,Core,638
H101186,Core,1371
H101187,Core,894
H101188,Enhanced,582
H101189,Family,683
H101190,Core,1582
H101192,Core,1130
H101193,Family,989
H101195,Core,1521
H101197,Family,726
H101201,Enhanced,575
H101203,Family,497
H101204,Enhanced,502
H101205,Family,1737
H101206,Enhanced,1701
H101207,Core,955
H101211,Family,1058
H101212,Core,922
H101215,Enhanced,1172
H101218,Core,620
H101219,Family,1339
H101220,Family,1109
H101221,Family,1720
H101223,Core,829
H101224,Family,1491
H101230,Family,598
H101231,Core,488
H101232,Core,1479
H101233,Core,1682
H101234,Core,1697
H101236,Enhanced,438
H101239,Core,878
H101249,Enhanced,1059
H101250,Enhanced,779
H101251,Enhanced,797
H101252,Family,910
H101253,Core,387
H101254,Enhanced,1737
H101255,Family,801
H101256,Core,1225
H101258,Enhanced,1534
H101259,Family,598
H101260,Enhanced,659
H101261,Family,1298
H101262,Family,1840
H101263,Core,951
H101264,Family,1717
H101265,Enhanced,376
H101266,Family,1455
H101267,Enhanced,1804
H101268,Family,1468
H101270,Core,522
H101271,Enhanced,366
H101273,Family,970
H101274,Family,1188
H101275,Core,1336
H101276,Core,1742
H101277,Family,1229
H101279,Enhanced,751
H101280,Core,356
H101281,Enhanced,1748
H101285,Family,1261
H101286,Family,1367
H101289,Core,1440
H101292,Family,1550
H101293,Enhanced,1623
H101294,Core,1654
H101295,Family,625
H101296,Core,794
H101298,Enhanced,405
H101299,Core,532
H101301,Core,1766
H101302,Core,984
H101303,Family,1370
H101304,Core,1197
H101305,Enhanced,1032
H101309,Core,593
H101311,Family,1437
H101312,Enhanced,1477
H101313,Family,585
H101314,Core,831
H101315,Enhanced,1787
H101316,Core,1631
H101318,Core,1331
H101320,Enhanced,1789
H101321,Family,1665
H101323,Core,1272
H101325,Enhanced,1185
H101327,Enhanced,1323
H101328,Enhanced,1551
H101329,Family,1790
H101330,Enhanced,841
H101331,Family,800
H101333,Family,549
H101334,Family,365
H101336,Core,880
H101337,Family,724
H101338,Family,1695
H101339,Core,1081
H101341,Enhanced,1397
H101344,Family,661
H101345,Core,1034
H101346,Enhanced,1563
H101347,Family,702
H101348,Family,940
H101349,Core,1247
H101350,Core,651
H101352,Core,1239
H101355,Core,1271
H101357,Core,1146
H101358,Family,598
H101360,Family,1456
H101361,Family,1606
H101362,Family,714
H101363,Family,514
H101365,Core,1116
H101370,Core,611
H101371,Core,812
H101372,Enhanced,1335
H101376,Family,658
H101377,Core,899
H101379,Enhanced,849
H101381,Enhanced,1423
H101382,Core,1554
H101384,Family,1657
H101385,Core,520
H101389,Enhanced,1504
H101390,Family,763
H101392,Core,1691
H101395,Core,1149
H101397,Family,1732
H101398,Enhanced,951
H101399,Enhanced,830
H101402,Enhanced,1591
H101403,Core,884
H101404,Core,1518
H101406,Family,426
H101408,Core,1366
H101409,Family,1711
H101411,Core,773
H101413,Family,1828
H101414,Family,381
H101416,Core,538
H101418,Enhanced,820
H101419,Family,820
H101420,Enhanced,1251
H101421,Family,1651
H101422,Core,502
H101423,Family,1473
H101424,Enhanced,1585
H101425,Core,1222
H101426,Enhanced,1829
H101428,Core,494
H101429,Enhanced,1456
H101430,Core,975
H101431,Family,971
H101432,Core,1250
H101434,Enhanced,1545
H101438,Family,1072
H101439,Family,758
H101440,Family,749
H101441,Core,1781
H101445,Family,971
H101446,Core,899
H101447,Enhanced,1198
H101450,Family,1384
H101451,Core,405
H101452,Core,378
H101453,Enhanced,1210
H101455,Enhanced,1296
H101456,Core,1086
H101458,Family,794
H101461,Family,1524
H101462,Family,503
H101463,Core,1309
H101464,Enhanced,1000
H101465,Family,900
H101469,Core,508
H101471,Enhanced,1354
H101472,Core,627
H101473,Core,1160
H101479,Core,1692
H101481,Enhanced,1463
H101482,Enhanced,445
H101483,Core,1823
H101484,Enhanced,1287
H101486,Core,1596
H101487,Core,440
H101489,Family,1722
H101490,Enhanced,1427
H101493,Family,1676
H101494,Core,1816
H101496,Core,1612
H101497,Family,994
H101499,Core,1607
H101501,Core,1802
H101502,Enhanced,1711
H101504,Enhanced,1312
H101507,Family,1787
H101508,Family,1243
H101510,Core,1016
H101512,Core,606
H101514,Enhanced,1048
H101515,Core,1778
H101517,Enhanced,528
H101518,Core,1642
H101520,Family,1314
H101524,Family,547
H101525,Core,688
H101526,Core,392
H101527,Family,1460
H101531,Core,888
H101532,Core,628
H101535,Core,589
H101537,Core,1107
H101540,Core,854
H101543,Core,1707
H101544,Core,1787
H101545,Family,650
H101547,Core,1642
H101549,Family,440
H101552,Enhanced,1010
H101553,Enhanced,1216
H101554,Family,763
H101556,Core,1324
H101558,Core,1216
H101560,Enhanced,1751
H101561,Core,1756
H101562,Core,1575
H101563,Family,1535
H101564,Family,856
H101566,Enhanced,1651
H101567,Enhanced,893
H101569,Enhanced,1491
H101570,Core,1078
H101571,Core,1105
H101572,Enhanced,1564
H101573,Core,562
H101575,Core,1626
H101576,Enhanced,1577
H101577,Enhanced,1056
H101578,Core,1326
H101579,Family,747
H101581,Family,1509
H101584,Enhanced,528
H101585,Core,1451
H101586,Enhanced,1367
H101589,Enhanced,719
H101590,Enhanced,1572
H101591,Enhanced,778
H101592,Core,1163
H101593,Core,1634
H101594,Family,439
H101595,Core,960
H101596,Enhanced,1290
H101597,Family,616
H101600,Core,1120
H101602,Family,1314
H101603,Family,1657
H101604,Enhanced,797
H101607,Enhanced,1597
H101608,Family,1314
H101609,Core,1114
H101611,Enhanced,1235
H101615,Core,1832
H101618,Family,1344
H101620,Enhanced,996
H101622,Family,1840
H101625,Core,1388
H101626,Core,765
H101627,Family,1266
H101631,Core,1813
H101633,Enhanced,1398
H101635,Enhanced,1495
H101636,Core,1342
H101637,Core,1633
H101639,Core,471
H101640,Family,1553
H101641,Core,1701
H101642,Core,384
H101643,Family,1532
H101645,Family,1105
H101646,Enhanced,928
H101649,Enhanced,508
H101650,Family,827
H101651,Family,1360
H101652,Family,1120
H101654,Enhanced,439
H101655,Enhanced,809
H101656,Family,399
H101659,Family,895
H101660,Enhanced,1710
H101661,Core,1486
H101662,Family,1725
H101663,Core,599
H101666,Core,1285
H101667,Core,801
H101668,Core,1039
H101669,Enhanced,1801
H101670,Core,1592
H101671,Enhanced,1395
H101672,Family,1796
H101673,Core,1098
H101674,Core,431
H101675,Core,1718
H101676,Family,505
H101677,Core,749
H101678,Core,1707
H101680,Core,1680
H101682,Core,499
H101684,Enhanced,1634
H101686,Enhanced,1421
H101691,Core,511
H101692,Enhanced,1180
H101693,Enhanced,747
H101695,Family,1132
H101696,Family,627
H101697,Family,496
H101698,Family,1325
H101699,Core,1443
H101700,Core,636
H101701,Family,1253
H101703,Core,1087
H101705,Enhanced,1743
H101706,Enhanced,1198
H101707,Enhanced,1071
H101708,Core,362
H101709,Enhanced,1718
H101710,Core,1342
H101711,Core,625
H101712,Core,358
H101714,Core,655
H101716,Family,1105
H101717,Enhanced,1773
H101718,Family,1280
H101719,Family,499
H101721,Enhanced,638
H101722,Enhanced,704
H101724,Family,463
H101726,Core,562
H101727,Enhanced,487
H101728,Core,1414
H101730,Family,1374
H101731,Family,1520
H101732,Enhanced,624
H101733,Core,1702
H101734,Enhanced,910
H101735,Enhanced,570
H101736,Enhanced,586
H101737,Family,832
H101738,Core,481
H101739,Core,825
H101740,Core,1341
H101742,Enhanced,1810
H101743,Family,357
H101744,Core,1224
H101745,Enhanced,701
H101747,Family,856
H101750,Core,1315
H101751,Family,798
H101753,Family,1007
H101754,Family,828
H101755,Core,892
H101756,Enhanced,1418
H101759,Core,788
H101760,Core,1173
H101761,Core,1538
H101762,Core,1285
H101763,Family,1489
H101766,Enhanced,1055
H101769,Core,1047
H101770,Enhanced,389
H101771,Enhanced,1407
H101774,Core,1380
H101775,Core,1115
H101777,Enhanced,1436
H101778,Family,1337
H101779,Core,620
H101780,Family,685
H101781,Enhanced,1324
H101782,Enhanced,496
H101783,Core,1666
H101784,Enhanced,872
H101785,Core,1254
H101787,Core,1132
H101788,Family,1352
H101789,Enhanced,883
H101790,Core,1401
H101792,Core,609
H101794,Core,836
H101797,Family,409
H101798,Core,581
H101803,Enhanced,433
H101805,Family,1058
H101807,Core,459
H101808,Enhanced,697
H101811,Enhanced,1075
H101812,Family,1380
H101813,Enhanced,387
H101815,Core,1422
H101816,Core,1128
H101817,Core,362
H101820,Core,495
H101821,Family,1781
H101822,Core,1024
H101823,Core,1737
H101824,Enhanced,1122
H101825,Core,547
H101828,Enhanced,1443
H101829,Core,1066
H101830,Family,917
H101831,Core,663
H101834,Enhanced,1015
H101835,Enhanced,1795
H101836,Core,677
H101837,Core,1199
H101839,Enhanced,399
H101842,Family,1400
H101843,Enhanced,1686
H101845,Enhanced,1816
H101848,Enhanced,1566
H101851,Enhanced,1359
H101852,Enhanced,1224
H101854,Core,1656
H101857,Enhanced,364
H101858,Family,710
H101859,Enhanced,417
H101863,Enhanced,694
H101864,Family,684
H101865,Core,1011
H101867,Enhanced,1386
H101868,Core,1672
H101869,Core,1248
H101875,Core,408
H101876,Enhanced,498
H101878,Enhanced,1012
H101879,Family,1269
H101880,Core,1587
H101882,Core,911
H101883,Enhanced,616
H101886,Core,562
H101888,Enhanced,1273
H101890,Core,1847
H101891,Core,454
H101892,Enhanced,363
H101893,Enhanced,365
H101894,Core,1169
H101896,Core,828
H101898,Core,1587
H101901,Core,1558
H101903,Family,1103
H101906,Enhanced,412
H101907,Core,1205
H101910,Core,897
H101913,Core,1604
H101915,Core,1442
H101916,Family,1787
H101918,Core,903
H101924,Family,834
H101925,Family,1068
H101926,Family,1587
H101927,Enhanced,1100
H101928,Core,853
H101930,Family,1711
H101933,Family,937
H101935,Enhanced,1663
H101936,Core,1307
H101941,Core,445
H101944,Core,1089
H101945,Core,1388
H101946,Enhanced,1722
H101947,Family,1164
H101949,Enhanced,371
H101950,Enhanced,881
H101951,Family,1802
H101952,Enhanced,1088
H101953,Enhanced,926
H101956,Family,1669
H101957,Core,975
H101958,Family,1509
H101960,Core,381
H101961,Enhanced,1202
H101962,Enhanced,385
H101964,Enhanced,613
H101965,Enhanced,1167
H101967,Core,1277
H101971,Family,527
H101972,Core,1097
H101974,Enhanced,959
H101975,Family,1020
H101976,Enhanced,1565
H101979,Family,1765
H101980,Core,462
H101982,Core,1838
H101983,Core,426
H101985,Family,1777
H101988,Family,1273
H101989,Family,1458
H101991,Enhanced,714
H101994,Core,1248
H101996,Core,1238
H101997,Enhanced,829
H101998,Core,1104
H101999,Enhanced,1770
H102003,Family,511
H102004,Core,1033
H102005,Enhanced,855
H102006,Enhanced,652
H102008,Core,1068
H102011,Core,516
H102012,Enhanced,531
H102014,Enhanced,1603
H102015,Core,828
H102016,Core,842
H102019,Core,1340
H102021,Enhanced,1499
H102023,Core,1648
H102025,Enhanced,1291
H102026,Core,746
H102027,Family,775
H102032,Core,1410
H102036,Core,1626
H102038,Enhanced,1728
H102040,Enhanced,1617
H102041,Family,1290
H102042,Family,607
H102043,Enhanced,974
H102044,Enhanced,532
H102045,Enhanced,1008
H102046,Enhanced,1250
H102050,Core,1361
H102051,Enhanced,700
H102054,Family,1394
H102055,Core,848
H102061,Core,1393
H102063,Core,1755
H102064,Core,784
H102065,Enhanced,613
H102067,Core,1801
H102070,Enhanced,1055
H102071,Family,697
H102072,Core,792
H102073,Family,1052
H102076,Family,871
H102077,Enhanced,1707
H102078,Core,905
H102082,Family,1058
H102083,Core,739
H102085,Core,1408
H102087,Core,1495
H102089,Family,1196
H102090,Core,1567
H102095,Enhanced,761
H102096,Enhanced,1159
H102097,Enhanced,1444
H102101,Enhanced,1698
H102103,Core,840
H102104,Enhanced,554
H102106,Core,1524
H102107,Core,1109
H102108,Core,433
H102113,Enhanced,1592
H102114,Core,1098
H102115,Enhanced,1281
H102116,Core,888
H102117,Core,1827
H102118,Core,996
H102120,Enhanced,1243
H102123,Family,1154
H102124,Core,1790
H102126,Enhanced,1267
H102127,Enhanced,498
H102128,Core,1635
H102129,Core,413
H102130,Core,1138
H102133,Family,884
H102135,Core,1072
H102136,Family,1612
H102137,Enhanced,512
H102139,Core,425
H102142,Family,1702
H102143,Core,728
H102144,Family,1013
H102145,Core,1827
H102147,Enhanced,1437
H102149,Core,1311
H102151,Family,360
H102152,Core,939
H102153,Enhanced,1129
H102155,Family,466
H102157,Core,1320
H102158,Family,1482
H102159,Enhanced,901
H102160,Family,1737
H102161,Enhanced,1751
H102162,Family,1462
H102163,Family,821
H102165,Core,524
H102166,Enhanced,1395
H102167,Family,1147
H102168,Family,1426
H102170,Family,954
H102171,Enhanced,579
H102172,Core,1706
H102173,Family,1794
H102174,Enhanced,1493
H102175,Core,385
H102177,Core,1552
H102178,Core,1843
H102179,Family,970
H102180,Family,1103
H102182,Family,387
H102184,Core,1252
H102185,Core,1489
H102187,Core,652
H102188,Enhanced,1299
H102192,Family,741
H102195,Family,562
H102197,Core,383
H102198,Family,1485
H102199,Enhanced,667
H102200,Family,573
H102201,Family,1792
H102202,Enhanced,1459
H102203,Family,735
H102204,Core,1420
H102205,Family,1099
H102206,Family,361
H102208,Family,755
H102210,Core,1512
H102211,Family,1428
H102212,Core,961
H102215,Family,1829
H102216,Family,1109
H102219,Core,369
H102220,Enhanced,1797
H102222,Enhanced,384
H102223,Family,1729
H102225,Core,462
H102227,Family,924
H102230,Family,431
H102233,Enhanced,1414
H102234,Enhanced,810
H102235,Enhanced,1119
H102236,Core,634
H102237,Family,1583
H102238,Core,1043
H102240,Core,829
H102241,Core,384
H102242,Enhanced,1056
H102243,Enhanced,1438
H102244,Enhanced,518
H102246,Core,1113
H102247,Core,1740
H102248,Core,1650
H102249,Enhanced,1701
H102251,Core,1695
H102252,Enhanced,764
H102254,Core,589
H102255,Family,1224
H102256,Enhanced,1424
H102257,Core,917
H102259,Core,699
H102260,Core,583
H102263,Core,1114
H102264,Family,417
H102265,Enhanced,1376
H102267,Core,1584
H102268,Family,1593
H102269,Core,783
H102270,Family,499
H102271,Core,1123
H102273,Core,1460
H102278,Family,1704
H102279,Core,530
H102280,Core,379
H102281,Family,561
H102282,Enhanced,1171
H102283,Family,599
H102284,Enhanced,1783
H102285,Core,868
H102286,Enhanced,1563
H102287,Family,837
H102288,Core,678
H102289,Core,478
H102291,Enhanced,651
H102293,Family,1476
H102294,Core,1493
H102297,Enhanced,1351
H102298,Core,469
H102299,Enhanced,830
H102300,Family,1249
H102302,Core,1755
H102303,Core,701
H102306,Enhanced,629
H102307,Core,1608
H102308,Family,1052
H102309,Family,919
H102310,Enhanced,926
H102311,Family,972
H102312,Family,1077
H102313,Enhanced,1541
H102314,Family,1383
H102319,Core,482
H102321,Family,548
H102323,Core,1251
H102324,Core,1607
H102325,Enhanced,1793
H102326,Core,1691
H102329,Core,1325
H102331,Enhanced,706
H102332,Core,472
H102333,Family,1453
H102334,Family,1712
H102335,Enhanced,957
H102337,Core,543
H102338,Enhanced,1447
H102340,Core,903
H102341,Enhanced,1307
H102342,Core,622
H102343,Enhanced,884
H102347,Core,1432
H102350,Family,1635
H102353,Core,747
H102354,Core,1549
H102355,Core,741
H102359,Enhanced,1453
H102363,Family,970
H102364,Core,1402
H102365,Core,779
H102367,Core,473
H102368,Enhanced,1526
H102369,Enhanced,361
H102370,Family,1140
H102371,Family,437
H102372,Core,1183
H102375,Family,513
H102377,Family,592
H102378,Enhanced,1827
H102379,Core,1720
H102381,Family,1019
H102382,Enhanced,873
H102383,Core,1393
H102384,Core,916
H102389,Enhanced,577
H102391,Enhanced,713
H102392,Core,1275
H102394,Family,1790
H102395,Core,1328
H102399,Core,1260
H102400,Core,1527
H102402,Enhanced,441
H102404,Core,1284
H102405,Enhanced,638
H102408,Core,981
H102409,Core,1070
H102410,Core,1444
H102412,Core,631
H102413,Enhanced,1781
H102415,Core,1257
H102417,Enhanced,872
H102418,Enhanced,811
H102420,Family,502
H102421,Enhanced,874
H102423,Core,525
H102425,Enhanced,1529
H102427,Core,1540
H102429,Enhanced,1136
H102430,Core,1796
H102434,Family,519
H102435,Enhanced,1667
H102436,Family,907
H102437,Enhanced,1487
H102438,Core,1694
H102440,Core,541
H102441,Core,1619
H102444,Family,1838
H102445,Family,1489
H102446,Core,569
H102447,Enhanced,1615
H102449,Core,766
H102450,Enhanced,487
H102451,Family,1315
H102452,Core,533
H102453,Core,1203
H102454,Enhanced,377
H102459,Core,1460
H102462,Core,537
H102463,Core,1355
H102464,Enhanced,1585
H102466,Family,495
H102469,Family,406
H102471,Enhanced,1666
H102476,Family,1047
H102478,Enhanced,1108
H102479,Enhanced,720
H102481,Core,1063
H102482,Core,1598
H102483,Enhanced,1615
H102486,Family,1554
H102487,Enhanced,784
H102488,Family,1498
H102489,Core,1024
H102491,Core,917
H102493,Family,839
H102494,Core,1738
H102502,Enhanced,609
H102503,Core,1693
H102504,Family,1718
H102505,Core,1326
H102506,Family,389
H102507,Core,1268
H102509,Core,523
H102511,Family,855
H102513,Core,462
H102514,Core,1453
H102517,Enhanced,1075
H102518,Core,1757
H102519,Core,1375
H102520,Core,824
H102522,Enhanced,1512
H102523,Core,778
H102524,Family,753
H102525,Family,745
H102526,Core,1416
H102527,Enhanced,1824
H102530,Enhanced,1630
H102532,Enhanced,1160
H102533,Core,365
H102534,Enhanced,1801
H102536,Core,925
H102537,Enhanced,1276
H102538,Core,985
H102541,Family,790
H102542,Core,804
H102543,Enhanced,1229
H102547,Enhanced,994
H102548,Core,583
H102549,Core,916
H102550,Core,1022
H102553,Enhanced,1288
H102554,Enhanced,1014
H102555,Core,642
H102556,Enhanced,1214
H102557,Core,1605
H102558,Enhanced,930
H102560,Core,1301
H102563,Family,1032
H102566,Enhanced,796
H102567,Enhanced,1664
H102568,Enhanced,1795
H102570,Family,620
H102571,Enhanced,1283
H102575,Core,1733
H102576,Core,1156
H102578,Core,1157
H102580,Enhanced,1789
H102582,Enhanced,1293
H102583,Core,1623
H102584,Core,506
H102585,Enhanced,1234
H102586,Enhanced,567
H102588,Family,655
H102589,Enhanced,1448
H102591,Core,1654
H102592,Enhanced,1700
H102593,Enhanced,1497
H102595,Enhanced,1128
H102596,Core,1001
H102597,Family,601
H102598,Core,1529
H102600,Core,1545
H102601,Core,541
H102602,Family,1726
H102603,Enhanced,843
H102604,Core,1355
H102608,Core,541
H102609,Core,624
H102610,Enhanced,1258
H102617,Enhanced,968
H102618,Enhanced,390
H102619,Enhanced,1759
H102620,Family,1680
H102622,Core,637
H102623,Family,1324
H102625,Enhanced,606
H102626,Enhanced,1426
H102627,Enhanced,1402
H102628,Family,1468
H102630,Core,1164
H102631,Enhanced,385
H102632,Enhanced,657
H102633,Family,1836
H102636,Core,1274
H102638,Enhanced,863
H102642,Core,1755
H102643,Family,995
H102646,Family,1632
H102647,Enhanced,1558
H102649,Enhanced,359
H102650,Enhanced,1746
H102651,Enhanced,1665
H102653,Core,1838
H102654,Family,1290
H102655,Enhanced,1397
H102656,Core,750
H102658,Enhanced,577
H102659,Core,490
H102660,Enhanced,614
H102661,Enhanced,1806
H102662,Enhanced,762
H102663,Core,393
H102664,Enhanced,1379
H102665,Enhanced,626
H102666,Family,1116
H102669,Enhanced,1356
H102670,Enhanced,1210
H102671,Enhanced,1486
H102672,Core,377
H102676,Core,749
H102677,Core,958
H102678,Family,1455
H102681,Core,1162
H102682,Family,1497
H102683,Enhanced,1462
H102685,Core,1554
H102686,Core,1261
H102687,Enhanced,1480
H102690,Core,1369
H102693,Core,398
H102694,Family,771
H102696,Family,1688
H102697,Core,487
H102698,Core,1194
H102699,Enhanced,1499
H102704,Family,996
H102705,Family,619
H102707,Family,386
H102708,Enhanced,1340
H102711,Family,1236
H102712,Core,1386
H102714,Core,594
H102715,Enhanced,1052
H102716,Enhanced,1171
H102718,Family,1607
H102719,Enhanced,633
H102721,Family,1393
H102722,Core,1381
H102725,Core,1240
H102726,Family,483
H102727,Enhanced,527
H102728,Core,1250
H102731,Core,1284
H102732,Family,1315
H102733,Family,1510
H102734,Family,942
H102736,Enhanced,794
H102741,Family,1725
H102742,Core,1388
H102745,Enhanced,1139
H102746,Enhanced,1187
H102748,Family,1475
H102749,Core,815
H102750,Family,1016
H102751,Enhanced,414
H102753,Core,1537
H102754,Enhanced,1101
H102755,Core,1696
H102756,Enhanced,795
H102757,Enhanced,969
H102759,Family,431
H102760,Enhanced,1801
H102762,Family,864
H102763,Core,579
H102764,Family,1268
H102765,Family,1619
H102766,Enhanced,516
H102768,Core,1138
H102769,Family,1060
H102773,Family,557
H102774,Family,764
H102779,Core,1287
H102781,Family,1834
H102783,Core,546
H102786,Enhanced,1295
H102787,Enhanced,1681
H102789,Core,1484
H102790,Core,1573
H102791,Enhanced,1724
H102794,Core,1331
H102796,Enhanced,406
H102797,Core,699
H102799,Core,970
H102800,Enhanced,1794
H102803,Family,664
H102805,Enhanced,1629
H102807,Enhanced,1301
H102809,Family,1422
H102810,Family,507
H102811,Enhanced,898
H102813,Enhanced,1046
H102815,Core,1076
H102816,Enhanced,1666
H102817,Family,857
H102818,Family,1653
H102819,Core,1624
H102820,Core,1313
H102821,Family,813
H102822,Family,498
H102823,Enhanced,707
H102824,Core,1260
H102826,Enhanced,671
H102829,Enhanced,1702
H102830,Core,951
H102832,Core,773
H102834,Core,1284
H102835,Enhanced,583
H102836,Core,1597
H102838,Enhanced,1174
H102839,Core,1737
H102840,Core,1631
H102841,Family,470
H102842,Enhanced,1697
H102847,Core,420
H102848,Enhanced,1539
H102850,Core,894
H102851,Enhanced,866
H102852,Core,1565
H102853,Family,762
H102857,Core,1711
H102858,Family,410
H102859,Enhanced,602
H102860,Core,886
H102862,Family,778
H102863,Core,1656
H102864,Enhanced,1702
H102865,Family,981
H102867,Core,1213
H102869,Core,857
H102872,Family,961
H102875,Core,854
H102878,Family,715
H102880,Core,1391
H102881,Core,519
H102882,Enhanced,785
H102883,Enhanced,512
H102884,Family,1027
H102886,Core,1361
H102888,Enhanced,1126
H102889,Core,1430
H102890,Core,1212
H102891,Core,898
H102892,Enhanced,1717
H102894,Enhanced,1259
H102896,Core,407
H102897,Family,584
H102901,Core,1357
H102902,Family,381
H102903,Core,608
H102905,Enhanced,499
H102907,Core,1564
H102908,Enhanced,508
H102909,Family,652
H102910,Enhanced,1827
H102913,Core,530
H102914,Enhanced,704
H102915,Core,1570
H102916,Core,551
H102918,Enhanced,694
H102919,Family,1543
H102920,Core,350
H102921,Enhanced,899
H102922,Family,734
H102923,Enhanced,659
H102925,Enhanced,938
H102926,Core,680
H102927,Core,1511
H102930,Core,558
H102931,Enhanced,948
H102932,Core,469
H102934,Enhanced,508
H102935,Enhanced,1370
H102936,Core,1027
H102938,Family,1009
H102940,Enhanced,757
H102941,Enhanced,572
H102943,Enhanced,1666
H102944,Core,1538
H102949,Enhanced,1043
H102950,Family,378
H102951,Enhanced,1697
H102953,Enhanced,995
H102956,Core,634
H102957,Family,540
H102959,Core,1844
H102960,Core,391
H102962,Core,906
H102964,Family,1175
H102965,Enhanced,790
H102966,Family,583
H102967,Enhanced,1316
H102968,Family,452
H102969,Enhanced,1811
H102972,Enhanced,1068
H102974,Core,1453
H102975,Enhanced,1615
H102976,Enhanced,1534
H102977,Core,1078
H102978,Core,465
H102981,Core,469
H102988,Core,883
H102989,Enhanced,806
H102990,Enhanced,1680
H102992,Family,1019
H102993,Enhanced,1845
H102996,Enhanced,771
H102997,Enhanced,1800
H102999,Enhanced,856
H103000,Core,1848
H103001,Core,1100
H103002,Core,378
H103004,Enhanced,1763
H103006,Core,658
H103009,Enhanced,1557
H103012,Family,1579
H103014,Enhanced,656
H103015,Core,1203
H103016,Enhanced,1527
H103017,Enhanced,1769
H103019,Family,941
H103022,Family,965
H103024,Core,1573
H103028,Family,1086
H103029,Core,1275
H103034,Core,523
H103037,Core,1368
H103038,Core,850
H103039,Core,893
H103040,Core,1701
H103041,Core,1419
H103042,Core,1186
H103043,Family,1198
H103045,Enhanced,1633
H103046,Enhanced,1277
H103048,Family,664
H103049,Enhanced,1170
H103050,Core,1288
H103053,Family,433
H103054,Enhanced,549
H103055,Enhanced,1061
H103056,Family,1212
H103057,Core,426
H103059,Core,1030
H103062,Family,602
H103064,Enhanced,1350
H103065,Enhanced,1063
H103067,Family,490
H103069,Family,959
H103070,Family,1746
H103072,Core,421
H103074,Family,956
H103075,Enhanced,555
H103076,Enhanced,1703
H103077,Core,1047
H103079,Enhanced,1290
H103080,Core,1801
H103082,Family,425
H103083,Enhanced,1079
H103084,Enhanced,451
H103085,Core,1508
H103087,Enhanced,1230
H103088,Enhanced,1014
H103091,Family,787
H103095,Enhanced,637
H103097,Core,1720
H103098,Enhanced,381
H103099,Core,543
H103100,Enhanced,913
H103102,Enhanced,937
H103103,Core,1729
H103104,Core,817
H103105,Enhanced,837
H103107,Enhanced,701
H103108,Core,902
H103109,Enhanced,753
H103110,Enhanced,1389
H103112,Core,1547
H103113,Core,1455
H103114,Core,1555
H103117,Family,1262
H103118,Core,1381
H103120,Family,857
H103121,Enhanced,1844
H103122,Family,1767
H103123,Family,436
H103124,Core,878
H103128,Enhanced,1389
H103131,Core,788
H103133,Core,1119
H103134,Family,1614
H103139,Core,1678
H103140,Family,1752
H103141,Family,1324
H103143,Enhanced,1784
H103144,Enhanced,1323
H103145,Family,1149
H103146,Core,650
H103149,Enhanced,1654
H103151,Core,736
H103152,Core,625
H103153,Core,1496
H103154,Core,1683
H103156,Core,1813
H103157,Enhanced,1487
H103158,Enhanced,1790
H103159,Family,948
H103160,Family,509
H103161,Family,717
H103162,Family,589
H103163,Family,1489
H103164,Core,984
H103165,Core,995
H103171,Core,1732
H103172,Core,1817
H103173,Family,568
H103174,Enhanced,1631
H103176,Family,1308
H103180,Core,1535
H103182,Family,1773
H103184,Core,850
H103185,Enhanced,1560
H103186,Family,1417
H103187,Enhanced,1338
H103188,Enhanced,1483
H103190,Core,1502
H103191,Family,964
H103192,Enhanced,1739
H103193,Family,491
H103194,Enhanced,630
H103195,Enhanced,1452
H103196,Enhanced,1041
H103197,Enhanced,791
H103198,Enhanced,1114
H103199,Core,549
H103200,Family,353
H103201,Core,414
H103206,Core,1689
H103209,Enhanced,840
H103210,Enhanced,1706
H103211,Enhanced,1114
H103213,Family,806
H103215,Enhanced,407
H103218,Family,511
H103219,Enhanced,1195
H103221,Core,1273
H103224,Enhanced,1693
H103225,Core,641
H103227,Family,1246
H103229,Enhanced,477
H103231,Core,1136
H103232,Enhanced,614
H103233,Core,698
H103236,Core,973
H103237,Core,1008
H103239,Family,524
H103241,Core,1250
H103244,Enhanced,951
H103246,Enhanced,1647
H103249,Family,1263
H103250,Family,1672
H103251,Family,375
H103253,Core,1027
H103255,Enhanced,1610
H103256,Family,625
H103258,Core,682
H103261,Core,1411
H103262,Family,376
H103265,Core,1775
H103267,Core,1763
H103268,Core,1786
H103269,Core,1519
H103271,Family,1843
H103272,Core,1811
H103273,Enhanced,728
H103274,Core,581
H103277,Enhanced,1605
H103278,Family,1032
H103279,Enhanced,427
H103280,Enhanced,1019
H103281,Enhanced,372
H103283,Core,1216
H103284,Core,1360
H103286,Family,423
H103289,Family,529
H103290,Core,1707
H103292,Family,932
H103294,Family,425
H103295,Family,368
H103296,Family,949
H103297,Family,480
H103298,Core,552
H103299,Core,662
H103302,Family,1403
H103303,Enhanced,1181
H103304,Enhanced,1513
H103305,Core,847
H103306,Core,468
H103307,Family,1195
H103309,Core,1799
H103310,Enhanced,1323
H103311,Core,716
H103314,Family,355
H103315,Core,470
H103316,Family,1621
H103321,Core,787
H103322,Family,436
H103325,Core,858
H103326,Family,1659
H103327,Enhanced,984
H103328,Core,1814
H103329,Core,1103
H103330,Family,1705
H103331,Enhanced,652
H103334,Core,1163
H103335,Core,1064
H103336,Family,1504
H103338,Enhanced,552
H103340,Enhanced,609
H103341,Enhanced,684
H103343,Core,1755
H103345,Core,1695
H103347,Core,384
H103348,Family,982
H103350,Core,1177
H103351,Enhanced,1687
H103352,Core,1041
H103354,Core,1507
H103356,Enhanced,1545
H103359,Enhanced,1118
H103362,Family,1467
H103364,Core,455
H103368,Family,845
H103371,Family,1630
H103373,Family,595
H103375,Core,1115
H103376,Enhanced,1541
H103378,Family,1123
H103380,Family,1816
H103381,Core,1630
H103383,Family,496
H103384,Family,1144
H103385,Family,1449
H103386,Core,1472
H103387,Enhanced,1123
H103391,Enhanced,952
H103393,Core,817
H103394,Family,883
H103396,Core,371
H103397,Core,1638
H103398,Family,1436
H103400,Core,780
H103401,Core,548
H103402,Family,1135
H103403,Family,1626
H103405,Family,1842
H103406,Core,746
H103407,Enhanced,1007
H103409,Core,1238
H103411,Core,1241
H103412,Core,776
H103413,Enhanced,1573
H103414,Enhanced,1403
H103416,Core,1596
H103420,Family,525
H103421,Family,1363
H103422,Core,864
H103426,Family,1494
H103427,Enhanced,1113
H103428,Enhanced,1127
H103431,Enhanced,1228
H103432,Family,682
H103434,Core,1219
H103435,Enhanced,1671
H103436,Core,469
H103437,Core,600
H103439,Enhanced,400
H103440,Core,1073
H103442,Family,705
H103445,Enhanced,1235
H103447,Core,406
H103448,Family,510
H103449,Core,680
H103450,Enhanced,1336
H103451,Core,438
H103452,Core,1139
H103453,Family,1141
H103454,Family,826
H103455,Core,506
H103457,Core,1419
H103458,Enhanced,972
H103459,Core,1246
H103461,Family,1504
H103463,Core,368
H103464,Core,1508
H103466,Core,480
H103467,Core,1193
H103468,Family,485
H103471,Enhanced,396
H103472,Core,969
H103473,Core,1155
H103474,Core,816
H103475,Enhanced,728
H103479,Enhanced,621
H103480,Core,1202
H103482,Family,950
H103483,Enhanced,1712
H103485,Family,1002
H103486,Enhanced,1248
H103488,Core,1785
H103491,Core,1760
H103492,Family,1097
H103493,Core,662
H103495,Core,943
H103498,Enhanced,752
H103499,Enhanced,1080
H103500,Enhanced,573
H103501,Enhanced,954
H103504,Core,467
H103505,Enhanced,1810
H103506,Family,365
H103507,Core,1683
H103510,Core,1741
H103513,Family,1789
H103514,Core,1027
H103516,Enhanced,1509
H103517,Core,1758
H103519,Enhanced,1606
H103520,Enhanced,1646
H103523,Family,1084
H103524,Core,1465
H103526,Core,666
H103527,Enhanced,1726
H103530,Core,1061
H103531,Enhanced,746
H103532,Enhanced,795
H103533,Family,1634
H103535,Core,637
H103536,Core,1369
H103537,Family,764
H103539,Enhanced,1249
H103540,Core,1154
H103541,Family,1277
H103542,Enhanced,690
H103544,Enhanced,1709
H103546,Family,1677
H103547,Enhanced,1743
H103549,Core,1095
H103551,Core,615
H103553,Enhanced,1181
H103554,Enhanced,471
H103555,Enhanced,1408
H103556,Enhanced,758
H103558,Core,646
H103559,Enhanced,1565
H103560,Core,1338
H103562,Family,495
H103564,Enhanced,1659
H103566,Enhanced,1342
H103567,Enhanced,754
H103572,Core,948
H103573,Enhanced,1036
H103574,Core,1718
H103575,Enhanced,1180
H103577,Core,1580
H103578,Enhanced,397
H103580,Core,1111
H103581,Core,477
H103583,Enhanced,921
H103584,Enhanced,1175
H103585,Core,1601
H103587,Enhanced,766
H103589,Family,716
H103591,Enhanced,1626
H103593,Enhanced,1165
H103596,Core,1440
H103599,Core,1747
H103601,Core,420
H103603,Family,1255
H103605,Core,463
H103606,Core,1745
H103607,Core,1010
H103608,Family,1013
H103609,Core,635
H103611,Family,1293
H103613,Core,1163
H103614,Family,1760
H103615,Family,355
H103616,Enhanced,1455
H103618,Family,1784
H103619,Family,1708
H103621,Core,1287
H103622,Enhanced,1598
H103623,Enhanced,412
H103624,Family,466
H103625,Enhanced,1397
H103626,Enhanced,737
H103627,Core,1414
H103629,Family,1462
H103630,Core,1352
H103631,Enhanced,1685
H103633,Core,675
H103634,Family,1553
H103636,Family,1551
H103637,Core,819
H103640,Family,653
H103642,Family,1281
H103645,Core,1682
H103646,Enhanced,1342
H103650,Core,527
H103652,Core,1005
H103653,Family,942
H103654,Core,1231
H103657,Enhanced,1227
H103658,Core,1828
H103659,Core,1612
H103661,Enhanced,1167
H103663,Core,562
H103665,Family,641
H103667,Core,606
H103669,Enhanced,1106
H103671,Enhanced,580
H103672,Enhanced,613
H103673,Enhanced,575
H103675,Core,1382
H103676,Family,772
H103678,Enhanced,1702
H103679,Family,1090
H103680,Core,1363
H103681,Core,1142
H103682,Core,1666
H103683,Core,542
H103684,Core,1441
H103685,Core,1217
H103687,Core,1006
H103688,Core,1397
H103689,Core,1157
H103690,Family,1290
H103692,Family,1148
H103694,Enhanced,530
H103695,Core,938
H103696,Core,1805
H103697,Family,489
H103699,Family,695
H103700,Core,1402
H103702,Core,574
H103703,Core,420
H103704,Core,1497
H103708,Core,656
H103709,Enhanced,680
H103710,Core,1030
H103711,Core,1617
H103713,Enhanced,1830
H103715,Family,743
H103716,Core,810
H103717,Family,1125
H103720,Core,1542
H103721,Core,452
H103722,Core,979
H103723,Core,505
H103724,Core,682
H103725,Enhanced,1291
H103727,Family,389
H103729,Core,1643
H103731,Core,482
H103732,Core,1584
H103733,Core,975
H103734,Family,1195
H103735,Core,950
H103736,Enhanced,902
H103737,Enhanced,1289
H103738,Family,825
H103739,Core,443
H103740,Core,366
H103741,Core,775
H103742,Enhanced,678
H103744,Enhanced,385
H103746,Enhanced,499
H103747,Core,1657
H103748,Core,1094
H103749,Enhanced,946
H103750,Core,1726
H103751,Family,1226
H103752,Family,540
H103753,Core,1415
H103754,Enhanced,1414
H103755,Core,751
H103757,Family,1355
H103758,Enhanced,552
H103759,Core,1835
H103760,Enhanced,1220
H103762,Core,775
H103763,Core,1705
H103767,Core,1109
H103768,Core,1688
H103769,Core,491
H103771,Family,812
H103773,Enhanced,995
H103774,Family,749
H103776,Core,1127
H103778,Family,880
H103779,Enhanced,1676
H103782,Enhanced,717
H103783,Family,633
H103784,Enhanced,1796
H103785,Enhanced,1420
H103786,Family,402
H103787,Core,1622
H103788,Core,636
H103790,Family,1375
H103791,Family,392
H103792,Enhanced,739
H103793,Family,1630
H103794,Family,388
H103795,Enhanced,1057
H103796,Core,947
H103797,Enhanced,692
H103799,Core,527
H103802,Core,943
H103803,Family,899
H103804,Enhanced,509
H103805,Family,1421
H103806,Enhanced,511
H103807,Core,922
H103808,Enhanced,1770
H103810,Enhanced,907
H103811,Enhanced,1394
H103814,Core,1043
H103815,Family,1308
H103816,Core,1523
H103817,Core,1059
H103818,Enhanced,1331
H103819,Family,1084
H103820,Core,820
H103821,Core,1508
H103825,Family,935
H103826,Family,428
H103827,Core,755
H103829,Family,1351
H103831,Family,1343
H103832,Core,1175
H103833,Family,1021
H103835,Core,810
H103838,Family,420
H103840,Core,673
H103841,Enhanced,1842
H103842,Family,1642
H103843,Core,468
H103844,Family,1747
H103845,Core,1510
H103846,Core,493
H103847,Family,975
H103852,Family,604
H103854,Family,1427
H103855,Family,1350
H103857,Core,677
H103858,Enhanced,1511
H103859,Family,787
H103863,Family,1087
H103864,Core,518
H103865,Core,1740
H103866,Enhanced,628
H103867,Core,1659
H103868,Family,1619
H103872,Core,539
H103873,Enhanced,517
H103874,Core,563
H103875,Enhanced,1609
H103876,Family,478
H103877,Enhanced,1266
H103878,Family,1663
H103879,Core,790
H103882,Core,1186
H103884,Family,470
H103885,Core,1762
H103887,Core,1254
H103889,Enhanced,1443
H103890,Core,726
H103892,Family,1448
H103897,Enhanced,1289
H103899,Core,537
H103901,Core,1204
H103903,Core,514
H103904,Enhanced,1355
H103905,Core,1746
H103906,Family,1641
H103907,Core,1073
H103910,Core,1677
H103911,Enhanced,1840
H103912,Core,1033
H103915,Enhanced,834
H103916,Enhanced,631
H103919,Core,1282
H103920,Enhanced,924
H103921,Family,1209
H103922,Core,1774
H103923,Enhanced,452
H103926,Core,789
H103927,Family,1128
H103928,Core,1433
H103931,Core,1736
H103932,Core,1657
H103934,Enhanced,1030
H103936,Core,1179
H103937,Family,1058
H103938,Core,507
H103940,Family,1401
H103941,Family,1580
H103942,Family,1521
H103943,Enhanced,890
H103944,Enhanced,1591
H103945,Family,678
H103946,Core,1027
H103947,Family,725
H103948,Enhanced,1016
H103949,Family,1737
H103950,Enhanced,1060
H103951,Enhanced,1482
H103952,Core,1803
H103953,Enhanced,580
H103954,Core,1743
H103956,Family,520
H103957,Core,1284
H103958,Family,1026
H103959,Family,776
H103962,Family,1308
H103964,Family,1700
H103965,Enhanced,454
H103966,Family,606
H103968,Enhanced,1112
H103969,Core,510
H103970,Core,825
H103971,Core,971
H103975,Core,998
H103979,Core,1377
H103982,Family,1042
H103983,Core,428
H103984,Family,1319
H103985,Family,819
H103988,Family,363
H103990,Family,1526
H103993,Family,992
H103995,Core,1338
H103996,Enhanced,1331
H103997,Core,476
H104001,Core,1597
H104002,Enhanced,652
H104003,Enhanced,1472
H104005,Family,1437
H104006,Core,534
H104008,Family,524
H104009,Core,1621
H104010,Enhanced,364
H104013,Core,677
H104015,Family,1839
H104016,Enhanced,516
H104017,Core,1270
H104020,Family,900
H104021,Core,993
H104023,Family,542
H104024,Core,1245
H104026,Core,850
H104028,Core,1355
H104029,Enhanced,1535
H104031,Family,1093
H104032,Enhanced,379
H104035,Core,1337
H104036,Enhanced,1095
H104038,Enhanced,1412
H104039,Core,1533
H104040,Core,619
H104041,Enhanced,516
H104042,Enhanced,985
H104045,Enhanced,1703
H104049,Core,806
H104050,Family,998
H104052,Family,1546
H104057,Family,1562
H104061,Family,1504
H104064,Enhanced,1758
H104066,Family,1565
H104067,Core,587
H104068,Core,1006
H104071,Family,1517
H104072,Family,1212
H104073,Enhanced,568
H104078,Family,1408
H104081,Enhanced,609
H104082,Core,833
H104084,Family,1812
H104085,Enhanced,1816
