TravelID,TravelType,TravelAnnualPremium
T100001,Single Trip,74
T100003,Annual,388
T100005,Annual,84
T100006,Annual,331
T100008,Annual,224
T100010,Single Trip,318
T100011,Annual,309
T100014,Single Trip,120
T100015,Annual,81
T100016,Annual,92
T100017,Single Trip,120
T100019,Annual,369
T100023,Single Trip,77
T100024,Annual,300
T100026,Single Trip,188
T100027,Annual,351
T100029,Single Trip,269
T100030,Single Trip,332
T100031,Annual,355
T100032,Single Trip,383
T100033,Annual,345
T100036,Family,185
T100038,Single Trip,389
T100040,Single Trip,176
T100043,Annual,264
T100044,Annual,133
T100046,Single Trip,349
T100048,Single Trip,84
T100050,Annual,405
T100051,Annual,226
T100052,Family,363
T100054,Single Trip,231
T100056,Single Trip,97
T100057,Annual,87
T100058,Single Trip,376
T100059,Annual,271
T100060,Single Trip,98
T100061,Annual,181
T100062,Family,259
T100063,Family,216
T100066,Single Trip,72
T100067,Single Trip,236
T100069,Family,110
T100073,Annual,161
T100074,Annual,295
T100076,Annual,301
T100078,Single Trip,74
T100079,Single Trip,236
T100080,Family,140
T100081,Annual,210
T100082,Annual,346
T100083,Family,198
T100087,Single Trip,264
T100088,Family,53
T100090,Single Trip,229
T100095,Family,334
T100098,Single Trip,288
T100099,Single Trip,407
T100101,Annual,339
T100102,Family,94
T100103,Annual,67
T100104,Annual,153
T100106,Family,349
T100107,Annual,362
T100108,Family,316
T100109,Single Trip,310
T100110,Single Trip,295
T100111,Single Trip,162
T100113,Family,300
T100115,Single Trip,288
T100116,Single Trip,75
T100118,Single Trip,388
T100120,Single Trip,328
T100121,Annual,127
T100123,Single Trip,152
T100124,Family,299
T100125,Family,136
T100129,Annual,349
T100130,Single Trip,221
T100131,Family,80
T100133,Annual,304
T100134,Single Trip,395
T100139,Single Trip,169
T100140,Single Trip,404
T100144,Annual,315
T100145,Single Trip,319
T100147,Annual,180
T100149,Annual,238
T100150,Single Trip,128
T100152,Single Trip,271
T100153,Annual,367
T100154,Single Trip,288
T100158,Single Trip,372
T100161,Annual,102
T100163,Single Trip,272
T100164,Single Trip,155
T100165,Annual,256
T100168,Annual,82
T100169,Single Trip,188
T100170,Annual,183
T100171,Annual,242
T100172,Single Trip,324
T100176,Family,260
T100179,Annual,377
T100180,Family,151
T100182,Single Trip,184
T100183,Single Trip,222
T100184,Annual,276
T100185,Family,363
T100186,Annual,268
T100187,Annual,404
T100188,Annual,222
T100192,Single Trip,243
T100193,Annual,305
T100194,Annual,100
T100195,Single Trip,101
T100196,Single Trip,170
T100197,Single Trip,73
T100200,Single Trip,200
T100202,Single Trip,175
T100203,Single Trip,276
T100206,Annual,408
T100208,Annual,257
T100209,Single Trip,402
T100210,Annual,271
T100211,Single Trip,282
T100214,Annual,358
T100215,Family,262
T100216,Annual,408
T100217,Annual,282
T100220,Annual,170
T100226,Single Trip,206
T100228,Single Trip,287
T100233,Single Trip,153
T100235,Annual,319
T100236,Family,47
T100237,Annual,318
T100239,Annual,52
T100240,Annual,106
T100243,Annual,409
T100245,Single Trip,356
T100246,Family,324
T100247,Annual,393
T100253,Annual,303
T100257,Single Trip,84
T100258,Annual,361
T100260,Single Trip,133
T100262,Single Trip,272
T100264,Annual,379
T100265,Family,295
T100266,Annual,58
T100268,Single Trip,341
T100270,Single Trip,345
T100271,Single Trip,91
T100272,Single Trip,398
T100273,Single Trip,115
T100276,Single Trip,65
T100278,Single Trip,253
T100279,Single Trip,298
T100282,Single Trip,81
T100283,Family,103
T100285,Family,292
T100287,Annual,75
T100288,Single Trip,357
T100290,Single Trip,147
T100291,Annual,359
T100294,Annual,322
T100296,Annual,166
T100297,Annual,344
T100298,Annual,121
T100301,Family,225
T100302,Annual,404
T100303,Single Trip,378
T100308,Single Trip,387
T100311,Annual,101
T100312,Single Trip,162
T100313,Single Trip,73
T100315,Annual,380
T100319,Annual,339
T100321,Family,375
T100322,Single Trip,88
T100325,Family,171
T100327,Single Trip,313
T100329,Family,181
T100330,Single Trip,154
T100332,Annual,394
T100339,Family,245
T100340,Single Trip,323
T100341,Annual,334
T100343,Annual,276
T100345,Single Trip,322
T100346,Annual,402
T100347,Single Trip,232
T100349,Annual,369
T100350,Single Trip,70
T100352,Annual,73
T100354,Annual,191
T100356,Single Trip,232
T100357,Single Trip,168
T100358,Annual,380
T100359,Single Trip,53
T100360,Annual,86
T100364,Family,280
T100368,Single Trip,72
T100369,Annual,118
T100373,Family,367
T100376,Family,350
T100382,Single Trip,336
T100383,Annual,174
T100384,Single Trip,107
T100385,Annual,164
T100386,Single Trip,112
T100387,Single Trip,134
T100388,Annual,357
T100390,Single Trip,136
T100392,Single Trip,123
T100394,Single Trip,140
T100397,Family,98
T100400,Annual,369
T100401,Annual,385
T100403,Single Trip,120
T100404,Family,346
T100407,Annual,146
T100408,Single Trip,196
T100409,Annual,419
T100410,Single Trip,279
T100412,Single Trip,348
T100413,Single Trip,206
T100414,Single Trip,277
T100417,Single Trip,147
T100418,Annual,320
T100420,Single Trip,415
T100421,Single Trip,103
T100422,Single Trip,249
T100423,Single Trip,145
T100425,Single Trip,284
T100430,Single Trip,216
T100433,Single Trip,198
T100437,Family,190
T100443,Single Trip,232
T100444,Single Trip,122
T100446,Annual,152
T100448,Annual,71
T100449,Single Trip,205
T100451,Family,274
T100452,Annual,280
T100455,Annual,123
T100456,Annual,349
T100457,Annual,200
T100462,Single Trip,345
T100463,Family,352
T100464,Single Trip,49
T100466,Single Trip,62
T100467,Single Trip,245
T100468,Annual,359
T100471,Annual,184
T100472,Annual,273
T100473,Single Trip,272
T100474,Annual,330
T100476,Family,375
T100478,Single Trip,258
T100481,Single Trip,335
T100482,Annual,270
T100483,Annual,169
T100488,Single Trip,259
T100489,Single Trip,322
T100491,Annual,380
T100494,Annual,83
T100495,Single Trip,170
T100501,Annual,93
T100502,Annual,109
T100503,Single Trip,129
T100505,Single Trip,383
T100508,Single Trip,194
T100511,Annual,389
T100515,Annual,236
T100517,Annual,52
T100519,Annual,194
T100520,Single Trip,317
T100524,Single Trip,280
T100525,Single Trip,183
T100526,Annual,91
T100530,Family,329
T100532,Single Trip,240
T100533,Annual,341
T100534,Single Trip,147
T100535,Annual,103
T100537,Annual,181
T100538,Annual,134
T100539,Family,235
T100540,Family,232
T100542,Annual,94
T100547,Family,220
T100548,Annual,190
T100549,Annual,239
T100550,Single Trip,330
T100551,Family,215
T100552,Family,149
T100553,Annual,383
T100555,Single Trip,331
T100557,Single Trip,405
T100558,Single Trip,131
T100560,Annual,275
T100561,Single Trip,327
T100562,Annual,379
T100563,Single Trip,117
T100565,Annual,139
T100567,Annual,401
T100569,Family,257
T100570,Annual,102
T100572,Single Trip,117
T100574,Single Trip,419
T100575,Family,382
T100576,Family,130
T100578,Single Trip,252
T100584,Single Trip,311
T100588,Annual,212
T100589,Annual,159
T100592,Annual,307
T100595,Single Trip,75
T100597,Family,122
T100600,Annual,54
T100603,Annual,379
T100604,Single Trip,100
T100606,Single Trip,370
T100609,Single Trip,198
T100610,Single Trip,84
T100611,Family,262
T100616,Annual,164
T100617,Family,224
T100619,Annual,411
T100620,Single Trip,281
T100623,Annual,51
T100628,Annual,80
T100631,Family,334
T100632,Annual,298
T100634,Single Trip,228
T100636,Annual,339
T100638,Annual,129
T100641,Annual,131
T100642,Single Trip,197
T100643,Single Trip,341
T100645,Annual,413
T100647,Single Trip,138
T100648,Annual,276
T100649,Single Trip,211
T100650,Single Trip,375
T100651,Single Trip,347
T100653,Single Trip,109
T100656,Single Trip,302
T100658,Annual,51
T100660,Single Trip,233
T100662,Single Trip,145
T100668,Annual,183
T100669,Annual,168
T100670,Single Trip,256
T100673,Annual,363
T100674,Single Trip,239
T100677,Annual,369
T100678,Single Trip,409
T100681,Single Trip,128
T100682,Single Trip,354
T100686,Family,126
T100689,Single Trip,88
T100690,Annual,123
T100692,Annual,199
T100693,Single Trip,108
T100695,Single Trip,265
T100696,Single Trip,268
T100697,Single Trip,309
T100701,Family,386
T100702,Single Trip,111
T100703,Single Trip,412
T100704,Single Trip,356
T100705,Annual,65
T100706,Single Trip,281
T100709,Single Trip,141
T100714,Single Trip,70
T100715,Family,300
T100719,Annual,67
T100722,Single Trip,111
T100723,Annual,302
T100726,Annual,76
T100727,Annual,328
T100729,Family,54
T100731,Single Trip,161
T100734,Annual,141
T100735,Annual,105
T100736,Annual,244
T100737,Annual,127
T100739,Single Trip,101
T100745,Single Trip,192
T100747,Single Trip,231
T100749,Family,281
T100752,Single Trip,77
T100755,Annual,115
T100756,Single Trip,63
T100758,Single Trip,341
T100759,Single Trip,254
T100760,Family,138
T100762,Single Trip,244
T100765,Single Trip,348
T100767,Single Trip,330
T100769,Annual,391
T100771,Annual,131
T100772,Single Trip,106
T100775,Single Trip,331
T100776,Single Trip,389
T100778,Single Trip,110
T100779,Annual,309
T100785,Annual,260
T100787,Single Trip,377
T100788,Annual,117
T100790,Single Trip,175
T100791,Single Trip,277
T100792,Annual,368
T100794,Annual,354
T100798,Single Trip,223
T100799,Single Trip,183
T100801,Single Trip,116
T100802,Single Trip,195
T100804,Annual,418
T100805,Annual,130
T100811,Single Trip,400
T100812,Annual,149
T100813,Family,91
T100814,Single Trip,313
T100815,Annual,216
T100816,Single Trip,319
T100817,Annual,414
T100818,Family,100
T100819,Family,250
T100824,Single Trip,144
T100827,Annual,231
T100828,Annual,141
T100830,Annual,118
T100831,Family,239
T100835,Annual,202
T100836,Single Trip,332
T100840,Single Trip,231
T100843,Annual,271
T100845,Single Trip,312
T100848,Annual,65
T100849,Annual,213
T100852,Annual,241
T100854,Annual,283
T100855,Single Trip,59
T100858,Annual,83
T100862,Annual,363
T100863,Single Trip,331
T100864,Annual,202
T100868,Annual,46
T100871,Single Trip,142
T100872,Single Trip,285
T100873,Single Trip,300
T100874,Annual,354
T100876,Single Trip,252
T100877,Single Trip,332
T100878,Annual,133
T100880,Single Trip,100
T100881,Single Trip,170
T100882,Single Trip,361
T100883,Single Trip,377
T100886,Single Trip,74
T100887,Annual,118
T100889,Single Trip,69
T100892,Single Trip,331
T100893,Single Trip,353
T100894,Single Trip,392
T100895,Single Trip,113
T100896,Single Trip,239
T100899,Single Trip,212
T100903,Annual,411
T100905,Family,396
T100908,Single Trip,358
T100912,Annual,123
T100913,Single Trip,170
T100915,Single Trip,337
T100916,Single Trip,273
T100918,Single Trip,264
T100919,Annual,73
T100920,Single Trip,197
T100922,Annual,410
T100923,Annual,217
T100925,Annual,376
T100928,Single Trip,198
T100929,Single Trip,362
T100932,Annual,355
T100933,Single Trip,278
T100934,Annual,350
T100935,Single Trip,62
T100940,Annual,185
T100944,Annual,78
T100945,Single Trip,306
T100946,Family,154
T100949,Annual,244
T100951,Single Trip,360
T100953,Single Trip,325
T100955,Annual,294
T100956,Annual,63
T100957,Family,276
T100958,Annual,171
T100959,Single Trip,416
T100960,Single Trip,170
T100961,Annual,326
T100962,Annual,268
T100963,Family,170
T100966,Annual,122
T100967,Family,142
T100968,Annual,244
T100969,Annual,377
T100972,Annual,412
T100973,Annual,162
T100976,Annual,61
T100978,Annual,127
T100982,Single Trip,233
T100983,Family,195
T100985,Annual,96
T100987,Single Trip,109
T100988,Single Trip,263
T100989,Single Trip,144
T100990,Annual,135
T100991,Single Trip,186
T100993,Single Trip,383
T100995,Single Trip,361
T100996,Single Trip,164
T100999,Family,332
T101003,Annual,404
T101004,Single Trip,150
T101005,Family,46
T101006,Single Trip,131
T101007,Family,357
T101015,Family,84
T101017,Annual,143
T101018,Annual,402
T101022,Annual,120
T101023,Single Trip,224
T101024,Single Trip,376
T101025,Single Trip,362
T101026,Single Trip,159
T101031,Single Trip,138
T101033,Family,263
T101035,Single Trip,166
T101037,Single Trip,321
T101038,Single Trip,298
T101039,Single Trip,202
T101047,Annual,198
T101048,Annual,83
T101050,Annual,305
T101053,Annual,390
T101055,Annual,373
T101056,Single Trip,287
T101057,Single Trip,317
T101058,Single Trip,379
T101060,Single Trip,127
T101062,Family,332
T101063,Annual,83
T101064,Single Trip,335
T101065,Single Trip,127
T101066,Annual,266
T101067,Family,45
T101069,Family,47
T101070,Annual,288
T101074,Annual,375
T101078,Single Trip,86
T101082,Single Trip,356
T101083,Single Trip,328
T101084,Annual,317
T101086,Family,147
T101087,Family,374
T101088,Single Trip,273
T101089,Single Trip,114
T101092,Single Trip,375
T101096,Annual,150
T101097,Annual,231
T101098,Annual,103
T101099,Family,191
T101100,Annual,287
T101101,Annual,381
T101103,Family,209
T101104,Annual,276
T101105,Single Trip,83
T101106,Single Trip,134
T101108,Single Trip,260
T101111,Single Trip,60
T101113,Annual,172
T101118,Annual,67
T101120,Single Trip,228
T101121,Single Trip,143
T101124,Single Trip,143
T101126,Annual,218
T101127,Single Trip,105
T101130,Single Trip,329
T101132,Annual,214
T101135,Annual,383
T101137,Single Trip,129
T101138,Annual,68
T101139,Single Trip,196
T101140,Annual,84
T101141,Annual,188
T101144,Single Trip,334
T101145,Single Trip,397
T101146,Annual,216
T101147,Single Trip,115
T101149,Single Trip,190
T101150,Single Trip,152
T101153,Single Trip,90
T101154,Annual,341
T101156,Annual,319
T101159,Family,155
T101160,Single Trip,227
T101161,Annual,225
T101162,Single Trip,206
T101167,Single Trip,330
T101168,Single Trip,306
T101169,Single Trip,46
T101172,Annual,129
T101175,Single Trip,403
T101178,Single Trip,200
T101181,Annual,218
T101184,Single Trip,330
T101189,Family,329
T101190,Annual,257
T101192,Single Trip,390
T101193,Single Trip,266
T101194,Family,373
T101196,Annual,215
T101200,Family,127
T101203,Single Trip,86
T101204,Annual,253
T101205,Single Trip,379
T101208,Single Trip,198
T101209,Single Trip,317
T101210,Annual,244
T101212,Annual,347
T101213,Annual,337
T101214,Single Trip,306
T101216,Family,177
T101220,Single Trip,199
T101222,Family,223
T101223,Annual,353
T101227,Single Trip,272
T101229,Annual,109
T101231,Annual,146
T101232,Single Trip,161
T101234,Single Trip,272
T101236,Family,332
T101239,Family,100
T101240,Annual,316
T101241,Single Trip,278
T101242,Single Trip,122
T101243,Single Trip,98
T101244,Annual,100
T101252,Single Trip,335
T101254,Single Trip,133
T101255,Annual,117
T101258,Family,201
T101259,Single Trip,287
T101263,Single Trip,210
T101264,Annual,262
T101265,Single Trip,182
T101269,Single Trip,204
T101271,Single Trip,264
T101272,Single Trip,287
T101276,Annual,321
T101277,Single Trip,362
T101279,Annual,168
T101280,Single Trip,90
T101281,Annual,79
T101282,Annual,298
T101284,Annual,206
T101286,Single Trip,198
T101287,Annual,320
T101288,Family,297
T101289,Single Trip,387
T101291,Single Trip,373
T101292,Single Trip,326
T101293,Family,289
T101294,Single Trip,381
T101295,Single Trip,104
T101299,Family,403
T101306,Single Trip,201
T101307,Single Trip,138
T101311,Annual,251
T101312,Single Trip,380
T101314,Single Trip,92
T101319,Single Trip,110
T101324,Annual,286
T101325,Annual,295
T101326,Single Trip,312
T101328,Annual,381
T101329,Family,330
T101330,Single Trip,349
T101331,Family,89
T101333,Family,178
T101334,Single Trip,309
T101335,Annual,352
T101337,Annual,182
T101339,Annual,263
T101340,Annual,124
T101341,Single Trip,369
T101344,Family,241
T101346,Single Trip,80
T101349,Annual,259
T101351,Family,144
T101352,Single Trip,216
T101359,Annual,175
T101360,Annual,360
T101364,Family,362
T101365,Single Trip,103
T101371,Annual,166
T101373,Single Trip,197
T101374,Single Trip,365
T101375,Single Trip,145
T101376,Annual,307
T101377,Annual,63
T101380,Single Trip,404
T101382,Single Trip,172
T101383,Single Trip,145
T101384,Family,314
T101389,Single Trip,274
T101391,Annual,241
T101393,Annual,393
T101397,Family,202
T101399,Annual,247
T101403,Single Trip,223
T101404,Single Trip,109
T101406,Single Trip,162
T101410,Annual,271
T101413,Single Trip,90
T101414,Single Trip,319
T101418,Single Trip,266
T101419,Single Trip,288
T101420,Single Trip,350
T101421,Single Trip,226
T101422,Single Trip,340
T101424,Annual,325
T101425,Single Trip,132
T101427,Annual,146
T101428,Annual,207
T101431,Annual,80
T101433,Single Trip,252
T101436,Annual,387
T101442,Single Trip,345
T101443,Single Trip,318
T101445,Single Trip,118
T101448,Family,345
T101449,Single Trip,94
T101450,Single Trip,199
T101451,Single Trip,394
T101453,Annual,330
T101454,Single Trip,99
T101455,Annual,240
T101461,Single Trip,415
T101467,Single Trip,212
T101469,Annual,269
T101470,Single Trip,188
T101472,Single Trip,232
T101474,Annual,239
T101481,Family,115
T101483,Single Trip,398
T101484,Annual,367
T101485,Single Trip,82
T101488,Annual,109
T101489,Annual,286
T101491,Annual,195
T101492,Single Trip,299
T101493,Single Trip,63
T101494,Annual,326
T101496,Annual,53
T101497,Annual,118
T101499,Single Trip,318
T101500,Single Trip,175
T101501,Annual,122
T101503,Single Trip,376
T101504,Family,270
T101505,Annual,153
T101506,Annual,316
T101507,Single Trip,95
T101508,Single Trip,229
T101510,Family,115
T101511,Annual,291
T101512,Single Trip,147
T101514,Family,135
T101516,Single Trip,140
T101518,Annual,351
T101519,Single Trip,369
T101520,Family,122
T101521,Family,103
T101525,Single Trip,266
T101526,Single Trip,285
T101531,Annual,358
T101532,Single Trip,353
T101533,Single Trip,342
T101534,Annual,61
T101535,Single Trip,64
T101536,Family,114
T101537,Annual,182
T101539,Single Trip,321
T101544,Single Trip,364
T101545,Annual,314
T101548,Annual,364
T101552,Family,184
T101553,Single Trip,283
T101555,Single Trip,95
T101559,Annual,85
T101563,Single Trip,354
T101564,Single Trip,196
T101566,Annual,317
T101570,Single Trip,405
T101573,Single Trip,260
T101574,Single Trip,84
T101575,Single Trip,291
T101577,Single Trip,345
T101579,Single Trip,148
T101580,Family,201
T101581,Single Trip,280
T101582,Single Trip,324
T101585,Family,112
T101586,Annual,65
T101589,Single Trip,284
T101590,Family,48
T101592,Family,214
T101594,Annual,157
T101595,Annual,209
T101596,Annual,371
T101597,Family,395
T101598,Annual,299
T101600,Annual,184
T101601,Single Trip,274
T101604,Annual,97
T101608,Family,419
T101609,Single Trip,372
T101610,Single Trip,175
T101611,Annual,54
T101615,Annual,363
T101616,Annual,56
T101617,Family,86
T101618,Single Trip,47
T101619,Annual,109
T101620,Annual,389
T101622,Single Trip,224
T101623,Single Trip,107
T101625,Annual,404
T101628,Annual,201
T101629,Annual,308
T101631,Annual,249
T101634,Annual,87
T101636,Single Trip,311
T101639,Single Trip,403
T101641,Annual,411
T101646,Annual,332
T101649,Annual,296
T101650,Single Trip,321
T101652,Annual,408
T101653,Family,251
T101656,Single Trip,384
T101657,Annual,192
T101658,Family,163
T101661,Single Trip,86
T101662,Annual,218
T101664,Annual,277
T101667,Single Trip,197
T101669,Family,92
T101671,Single Trip,210
T101672,Single Trip,266
T101673,Single Trip,89
T101675,Family,247
T101679,Single Trip,188
T101680,Annual,268
T101681,Single Trip,47
T101683,Annual,355
T101684,Annual,194
T101686,Single Trip,199
T101689,Single Trip,86
T101692,Single Trip,208
T101694,Single Trip,194
T101696,Single Trip,67
T101697,Annual,261
T101700,Single Trip,152
T101701,Single Trip,178
T101702,Annual,75
T101704,Family,285
T101706,Annual,98
T101709,Family,267
T101711,Annual,205
T101713,Annual,323
T101714,Single Trip,197
T101715,Annual,290
T101716,Single Trip,395
T101719,Annual,142
T101720,Family,89
T101722,Annual,272
T101726,Single Trip,100
T101727,Annual,127
T101728,Annual,326
T101731,Single Trip,301
T101732,Single Trip,53
T101733,Annual,265
T101735,Single Trip,289
T101736,Single Trip,165
T101739,Family,325
T101740,Family,315
T101744,Single Trip,280
T101746,Family,138
T101747,Family,152
T101748,Annual,250
T101749,Annual,83
T101751,Family,199
T101754,Annual,417
T101755,Single Trip,285
T101757,Single Trip,367
T101760,Single Trip,166
T101761,Single Trip,318
T101763,Single Trip,320
T101764,Single Trip,115
T101767,Single Trip,127
T101768,Single Trip,206
T101770,Family,283
T101772,Single Trip,311
T101779,Annual,411
T101780,Annual,83
T101781,Family,285
T101783,Single Trip,403
T101785,Single Trip,108
T101787,Annual,403
T101788,Annual,360
T101792,Annual,101
T101793,Single Trip,124
T101794,Single Trip,118
T101795,Single Trip,79
T101796,Annual,181
T101799,Single Trip,210
T101801,Single Trip,214
T101804,Annual,357
T101807,Single Trip,210
T101808,Single Trip,116
T101810,Single Trip,303
T101811,Annual,285
T101813,Annual,221
T101815,Annual,286
T101818,Annual,114
T101819,Family,337
T101820,Single Trip,142
T101822,Single Trip,63
T101823,Family,199
T101825,Annual,135
T101826,Family,239
T101828,Annual,218
T101829,Annual,391
T101831,Annual,201
T101832,Single Trip,81
T101833,Family,237
T101835,Annual,346
T101836,Single Trip,144
T101837,Single Trip,161
T101838,Single Trip,112
T101839,Single Trip,317
T101843,Single Trip,107
T101845,Single Trip,141
T101848,Family,77
T101850,Annual,189
T101851,Single Trip,370
T101852,Single Trip,211
T101854,Annual,89
T101855,Annual,326
T101856,Single Trip,178
T101858,Family,107
T101862,Single Trip,52
T101863,Single Trip,174
T101866,Single Trip,103
T101867,Family,243
T101868,Annual,207
T101869,Annual,291
T101870,Annual,148
T101871,Single Trip,73
T101872,Single Trip,87
T101874,Single Trip,80
T101875,Family,145
T101876,Annual,314
T101880,Single Trip,250
T101881,Family,182
T101882,Single Trip,134
T101883,Single Trip,107
T101884,Single Trip,99
T101885,Family,143
T101888,Single Trip,232
T101889,Single Trip,269
T101891,Single Trip,399
T101892,Family,402
T101893,Single Trip,143
T101894,Annual,319
T101895,Family,94
T101898,Annual,343
T101901,Single Trip,393
T101905,Single Trip,273
T101908,Single Trip,246
T101913,Annual,184
T101914,Annual,376
T101917,Single Trip,405
T101918,Single Trip,310
T101919,Single Trip,75
T101920,Annual,374
T101921,Single Trip,348
T101923,Family,179
T101924,Single Trip,141
T101925,Single Trip,333
T101930,Annual,272
T101931,Family,327
T101933,Single Trip,413
T101937,Annual,183
T101938,Single Trip,360
T101939,Annual,220
T101941,Annual,363
T101942,Family,136
T101943,Annual,353
T101944,Single Trip,309
T101946,Annual,215
T101950,Single Trip,389
T101954,Single Trip,192
T101956,Single Trip,323
T101957,Annual,239
T101958,Annual,98
T101960,Annual,151
T101961,Single Trip,345
T101962,Single Trip,224
T101963,Family,364
T101964,Single Trip,92
T101966,Single Trip,333
T101967,Annual,379
T101971,Family,417
T101972,Single Trip,320
T101974,Annual,221
T101975,Annual,68
T101976,Single Trip,121
T101980,Family,292
T101983,Single Trip,376
T101985,Annual,329
T101986,Single Trip,272
T101987,Single Trip,368
T101988,Single Trip,160
T101990,Single Trip,168
T101991,Family,78
T101994,Annual,281
T101995,Single Trip,113
T101996,Single Trip,148
T101997,Single Trip,80
T101998,Annual,363
T102001,Annual,122
T102005,Single Trip,373
T102006,Annual,131
T102008,Single Trip,73
T102010,Annual,411
T102011,Annual,151
T102017,Single Trip,315
T102018,Single Trip,83
T102020,Single Trip,114
T102021,Family,194
T102026,Annual,327
T102028,Family,46
T102029,Annual,282
T102031,Family,338
T102032,Single Trip,82
T102033,Annual,206
T102036,Single Trip,400
T102038,Family,245
T102039,Family,326
T102040,Annual,323
T102043,Annual,199
T102045,Family,312
T102046,Single Trip,400
T102050,Annual,162
T102052,Annual,63
T102054,Annual,338
T102055,Annual,162
T102056,Single Trip,285
T102058,Single Trip,104
T102059,Family,126
T102063,Annual,328
T102065,Annual,55
T102066,Single Trip,231
T102067,Single Trip,328
T102068,Single Trip,221
T102071,Single Trip,107
T102074,Single Trip,282
T102078,Single Trip,87
T102081,Single Trip,262
T102083,Single Trip,202
T102084,Annual,248
T102085,Annual,390
T102086,Annual,376
T102087,Family,314
T102090,Annual,230
T102095,Family,344
T102096,Single Trip,82
T102097,Single Trip,146
T102102,Single Trip,219
T102104,Family,358
T102106,Family,190
T102107,Single Trip,200
T102108,Annual,401
T102112,Single Trip,412
T102114,Annual,59
T102115,Single Trip,258
T102117,Annual,304
T102118,Single Trip,272
T102120,Annual,408
T102122,Single Trip,388
T102123,Annual,139
T102125,Single Trip,400
T102126,Annual,202
T102127,Single Trip,51
T102128,Single Trip,180
T102136,Annual,132
T102138,Single Trip,392
T102139,Single Trip,275
T102143,Single Trip,160
T102144,Annual,46
T102147,Annual,183
T102149,Single Trip,164
T102151,Single Trip,213
T102156,Annual,118
T102157,Annual,245
T102158,Single Trip,241
T102159,Single Trip,315
T102160,Annual,268
T102161,Single Trip,316
T102162,Single Trip,115
T102165,Single Trip,96
T102167,Family,246
T102170,Annual,416
T102171,Single Trip,193
T102172,Single Trip,318
T102178,Single Trip,416
T102179,Single Trip,80
T102182,Family,69
T102183,Single Trip,292
T102184,Annual,360
T102185,Family,296
T102187,Single Trip,419
T102188,Single Trip,59
T102190,Single Trip,248
T102197,Annual,310
T102199,Single Trip,300
T102200,Annual,57
T102201,Single Trip,92
T102207,Single Trip,418
T102213,Single Trip,176
T102215,Single Trip,113
T102217,Annual,113
T102218,Family,109
T102220,Family,263
T102222,Annual,233
T102226,Single Trip,398
T102227,Annual,223
T102233,Single Trip,56
T102234,Family,243
T102235,Annual,230
T102238,Single Trip,167
T102239,Annual,316
T102240,Single Trip,397
T102242,Annual,206
T102247,Single Trip,317
T102248,Family,247
T102249,Family,317
T102250,Single Trip,214
T102251,Annual,142
T102252,Single Trip,269
T102253,Annual,192
T102257,Annual,70
T102258,Family,322
T102259,Family,250
T102264,Single Trip,273
T102265,Single Trip,236
T102267,Annual,377
T102268,Single Trip,113
T102269,Single Trip,75
T102270,Annual,245
T102271,Annual,371
T102277,Annual,218
T102281,Single Trip,202
T102284,Single Trip,267
T102285,Single Trip,173
T102286,Annual,256
T102287,Annual,406
T102289,Annual,196
T102291,Family,226
T102292,Family,337
T102293,Single Trip,297
T102297,Annual,179
T102298,Single Trip,241
T102302,Annual,222
T102306,Single Trip,194
T102307,Single Trip,204
T102309,Family,51
T102311,Annual,227
T102312,Single Trip,162
T102314,Family,345
T102316,Single Trip,281
T102319,Single Trip,311
T102321,Single Trip,144
T102323,Annual,60
T102324,Annual,189
T102326,Annual,230
T102327,Annual,207
T102329,Annual,91
T102330,Single Trip,120
T102331,Single Trip,318
T102333,Single Trip,383
T102335,Annual,415
T102336,Annual,235
T102339,Single Trip,277
T102341,Single Trip,272
T102345,Annual,187
T102347,Single Trip,168
T102348,Annual,72
T102349,Annual,58
T102350,Single Trip,169
T102353,Single Trip,183
T102354,Family,241
T102358,Single Trip,409
T102362,Single Trip,375
T102366,Single Trip,117
T102368,Annual,237
T102371,Annual,253
T102374,Annual,414
T102381,Annual,196
T102382,Single Trip,183
T102385,Single Trip,330
T102387,Single Trip,45
T102389,Single Trip,81
T102391,Annual,280
T102393,Annual,169
T102395,Family,127
T102397,Annual,355
T102401,Annual,136
T102402,Family,54
T102404,Single Trip,51
T102407,Single Trip,385
T102409,Annual,244
T102411,Annual,50
T102417,Family,137
T102418,Annual,168
T102420,Family,417
T102427,Single Trip,247
T102429,Annual,358
T102431,Single Trip,213
T102435,Single Trip,315
T102438,Single Trip,58
T102444,Annual,177
T102445,Single Trip,217
T102447,Single Trip,71
T102450,Annual,144
T102451,Annual,295
T102452,Single Trip,301
T102453,Annual,53
T102454,Family,144
T102455,Annual,210
T102459,Annual,147
T102461,Annual,64
T102462,Family,59
T102464,Single Trip,254
T102465,Single Trip,182
T102466,Single Trip,254
T102467,Annual,309
T102468,Family,243
T102469,Single Trip,253
T102471,Annual,312
T102476,Single Trip,113
T102477,Annual,130
T102478,Family,317
T102479,Annual,135
T102486,Family,372
T102487,Annual,201
T102488,Annual,75
T102492,Family,308
T102494,Annual,204
T102495,Family,88
T102496,Single Trip,124
T102499,Single Trip,377
T102501,Single Trip,217
T102507,Family,139
T102508,Single Trip,248
T102509,Annual,92
T102511,Annual,191
T102512,Annual,269
T102514,Annual,403
T102517,Single Trip,148
T102519,Single Trip,355
T102520,Annual,198
T102523,Family,379
T102524,Single Trip,67
T102525,Single Trip,96
T102526,Family,219
T102527,Single Trip,340
T102530,Single Trip,158
T102533,Family,89
T102534,Annual,108
T102535,Single Trip,153
T102539,Family,189
T102546,Annual,260
T102548,Single Trip,333
T102550,Annual,93
T102553,Family,331
T102557,Annual,415
T102559,Annual,180
T102560,Single Trip,122
T102564,Single Trip,410
T102566,Annual,386
T102567,Single Trip,92
T102568,Annual,361
T102576,Single Trip,365
T102578,Single Trip,158
T102583,Single Trip,412
T102584,Annual,116
T102587,Annual,259
T102589,Single Trip,308
T102591,Annual,67
T102593,Annual,389
T102596,Family,390
T102597,Single Trip,186
T102598,Single Trip,208
T102599,Family,183
T102600,Annual,109
T102601,Annual,376
T102607,Single Trip,379
T102610,Family,260
T102616,Family,205
T102618,Single Trip,299
T102620,Single Trip,232
T102623,Single Trip,327
T102627,Single Trip,259
T102629,Annual,110
T102630,Single Trip,384
T102631,Annual,205
T102633,Single Trip,233
T102635,Single Trip,293
T102637,Family,378
T102639,Single Trip,202
T102641,Family,108
T102646,Annual,84
T102647,Single Trip,276
T102649,Annual,202
T102650,Family,242
T102651,Annual,362
T102654,Single Trip,166
T102655,Single Trip,287
T102657,Annual,124
T102658,Single Trip,305
T102660,Single Trip,71
T102661,Family,122
T102666,Annual,143
T102667,Annual,115
T102668,Annual,300
T102669,Single Trip,193
T102670,Single Trip,149
T102671,Annual,145
T102672,Single Trip,318
T102673,Annual,250
T102681,Single Trip,373
T102685,Single Trip,234
T102687,Single Trip,305
T102690,Single Trip,389
T102691,Family,346
T102692,Annual,328
T102693,Family,259
T102694,Family,371
T102696,Annual,399
T102697,Single Trip,89
T102698,Annual,331
T102701,Single Trip,50
T102704,Annual,166
T102705,Annual,348
T102710,Annual,316
T102711,Single Trip,275
T102712,Single Trip,296
T102713,Single Trip,103
T102714,Single Trip,326
T102716,Family,82
T102717,Single Trip,164
T102719,Family,76
T102720,Annual,236
T102724,Single Trip,367
T102725,Single Trip,375
T102727,Single Trip,48
T102729,Annual,410
T102730,Annual,122
T102731,Single Trip,179
T102732,Single Trip,150
T102733,Single Trip,227
T102734,Single Trip,47
T102736,Annual,169
T102737,Annual,159
T102739,Single Trip,314
T102740,Annual,367
T102741,Single Trip,59
T102743,Annual,198
T102744,Annual,402
T102745,Annual,392
T102747,Single Trip,251
T102748,Annual,326
T102750,Annual,146
T102753,Single Trip,346
T102754,Single Trip,58
T102755,Annual,237
T102756,Single Trip,255
T102758,Annual,109
T102759,Single Trip,264
T102760,Single Trip,397
T102761,Annual,305
T102762,Single Trip,98
T102764,Single Trip,242
T102769,Single Trip,309
T102770,Annual,238
T102771,Single Trip,102
T102772,Annual,159
T102773,Annual,216
T102775,Single Trip,117
T102778,Single Trip,204
T102781,Single Trip,139
T102783,Single Trip,97
T102786,Family,185
T102787,Annual,51
T102789,Annual,335
T102791,Annual,60
T102794,Single Trip,89
T102795,Annual,158
T102798,Annual,286
T102799,Annual,211
T102802,Family,59
T102803,Single Trip,170
T102804,Annual,61
T102805,Single Trip,204
T102809,Family,147
T102810,Single Trip,381
T102812,Single Trip,178
T102813,Family,266
T102815,Single Trip,116
T102816,Annual,225
T102818,Annual,377
T102819,Annual,54
T102820,Single Trip,159
T102821,Single Trip,178
T102823,Single Trip,220
T102824,Single Trip,199
T102825,Family,417
T102826,Annual,98
T102828,Annual,140
T102829,Single Trip,221
T102833,Family,277
T102835,Single Trip,75
T102838,Family,324
T102839,Family,242
T102840,Family,146
T102841,Single Trip,187
T102843,Single Trip,66
T102844,Annual,294
T102847,Single Trip,341
T102849,Single Trip,419
T102852,Annual,153
T102853,Annual,147
T102855,Single Trip,165
T102856,Single Trip,94
T102857,Annual,200
T102859,Single Trip,91
T102860,Annual,59
T102861,Annual,172
T102862,Family,364
T102863,Annual,409
T102864,Annual,368
T102867,Family,404
T102869,Annual,371
T102872,Annual,290
T102875,Single Trip,113
T102877,Annual,349
T102878,Single Trip,411
T102879,Single Trip,231
T102880,Annual,293
T102881,Single Trip,188
T102882,Single Trip,267
T102883,Annual,52
T102886,Annual,315
T102887,Annual,240
T102889,Annual,328
T102890,Annual,185
T102891,Family,201
T102892,Single Trip,99
T102893,Single Trip,263
T102895,Single Trip,390
T102900,Annual,264
T102902,Single Trip,381
T102905,Annual,47
T102907,Annual,321
T102909,Annual,48
T102910,Annual,206
T102911,Single Trip,221
T102914,Single Trip,220
T102916,Annual,254
T102918,Family,332
T102919,Single Trip,310
T102920,Annual,64
T102928,Single Trip,327
T102929,Single Trip,194
T102931,Single Trip,264
T102934,Annual,389
T102935,Annual,151
T102936,Annual,273
T102941,Annual,277
T102943,Single Trip,233
T102944,Single Trip,142
T102945,Annual,325
T102949,Single Trip,351
T102951,Family,399
T102952,Annual,203
T102953,Annual,94
T102956,Annual,380
T102959,Annual,273
T102961,Single Trip,92
T102963,Annual,336
T102965,Single Trip,309
T102966,Annual,357
T102967,Annual,205
T102969,Single Trip,222
T102973,Single Trip,92
T102975,Annual,205
T102976,Family,254
T102977,Annual,370
T102978,Annual,124
T102981,Family,61
T102982,Annual,154
T102984,Annual,120
T102987,Single Trip,216
T102989,Annual,309
T102990,Single Trip,181
T102994,Annual,173
T102997,Single Trip,190
T102998,Annual,411
T102999,Family,193
T103002,Annual,313
T103003,Single Trip,51
T103004,Single Trip,86
T103006,Annual,182
T103008,Single Trip,244
T103009,Single Trip,192
T103014,Single Trip,145
T103015,Annual,267
T103016,Annual,142
T103025,Single Trip,225
T103028,Annual,86
T103030,Single Trip,109
T103038,Annual,384
T103039,Family,265
T103040,Single Trip,159
T103041,Annual,58
T103043,Single Trip,337
T103045,Single Trip,169
T103046,Annual,215
T103048,Annual,277
T103051,Annual,72
T103054,Family,278
T103057,Annual,419
T103059,Single Trip,112
T103060,Annual,396
T103063,Annual,172
T103064,Annual,47
T103066,Single Trip,216
T103067,Family,120
T103070,Annual,199
T103071,Annual,108
T103072,Annual,302
T103075,Annual,181
T103078,Single Trip,322
T103079,Single Trip,123
T103080,Annual,60
T103083,Annual,166
T103084,Single Trip,324
T103085,Annual,413
T103086,Family,374
T103087,Family,48
T103088,Single Trip,387
T103089,Single Trip,194
T103091,Family,65
T103092,Family,134
T103097,Single Trip,376
T103099,Single Trip,269
T103100,Single Trip,106
T103105,Annual,344
T103106,Annual,171
T103110,Single Trip,89
T103112,Annual,188
T103114,Single Trip,332
T103116,Single Trip,157
T103120,Annual,105
T103121,Annual,155
T103125,Single Trip,343
T103128,Single Trip,108
T103129,Single Trip,218
T103130,Family,292
T103136,Family,68
T103137,Annual,262
T103138,Family,338
T103140,Annual,275
T103142,Single Trip,114
T103143,Annual,240
T103144,Family,383
T103145,Annual,127
T103147,Family,105
T103149,Annual,264
T103151,Family,201
T103152,Annual,290
T103153,Annual,271
T103157,Family,64
T103158,Single Trip,316
T103161,Annual,415
T103163,Single Trip,96
T103164,Family,262
T103168,Annual,185
T103172,Single Trip,284
T103173,Single Trip,266
T103174,Single Trip,258
T103176,Single Trip,97
T103177,Single Trip,304
T103179,Family,296
T103180,Annual,291
T103182,Family,117
T103184,Single Trip,344
T103186,Single Trip,125
T103188,Family,105
T103189,Annual,167
T103191,Single Trip,106
T103192,Family,170
T103194,Single Trip,127
T103196,Single Trip,74
T103197,Annual,406
T103198,Annual,299
T103199,Annual,178
T103201,Single Trip,188
T103203,Single Trip,163
T103204,Single Trip,325
T103206,Single Trip,130
T103208,Single Trip,79
T103210,Annual,225
T103212,Family,128
T103213,Family,384
T103214,Annual,179
T103218,Single Trip,297
T103220,Annual,193
T103221,Family,115
T103222,Single Trip,164
T103223,Single Trip,359
T103225,Single Trip,74
T103229,Annual,399
T103231,Family,52
T103233,Annual,312
T103235,Annual,304
T103236,Annual,267
T103239,Family,70
T103241,Single Trip,296
T103243,Annual,70
T103244,Family,320
T103246,Family,335
T103247,Single Trip,367
T103249,Single Trip,190
T103250,Family,292
T103251,Family,114
T103252,Single Trip,244
T103255,Single Trip,315
T103256,Single Trip,113
T103257,Annual,356
T103261,Single Trip,185
T103263,Single Trip,392
T103264,Annual,76
T103267,Single Trip,128
T103269,Family,318
T103270,Single Trip,118
T103271,Single Trip,417
T103272,Family,397
T103274,Single Trip,80
T103277,Single Trip,362
T103278,Single Trip,210
T103280,Annual,360
T103281,Annual,307
T103284,Family,162
T103286,Family,56
T103288,Single Trip,163
T103289,Single Trip,209
T103290,Annual,245
T103292,Family,343
T103293,Single Trip,351
T103294,Single Trip,154
T103295,Single Trip,117
T103301,Family,292
T103303,Single Trip,323
T103305,Annual,272
T103311,Single Trip,276
T103313,Annual,307
T103314,Single Trip,198
T103315,Annual,135
T103316,Single Trip,341
T103318,Single Trip,108
T103319,Single Trip,66
T103320,Annual,51
T103324,Annual,193
T103333,Single Trip,225
T103334,Single Trip,248
T103335,Single Trip,115
T103337,Single Trip,205
T103340,Annual,289
T103341,Single Trip,153
T103343,Annual,250
T103344,Annual,147
T103347,Family,357
T103350,Annual,211
T103351,Single Trip,345
T103352,Single Trip,171
T103353,Single Trip,180
T103354,Single Trip,329
T103356,Single Trip,156
T103357,Family,314
T103362,Single Trip,75
T103364,Annual,360
T103367,Single Trip,328
T103369,Single Trip,255
T103371,Single Trip,231
T103375,Single Trip,184
T103376,Single Trip,171
T103377,Family,161
T103378,Annual,308
T103380,Single Trip,120
T103384,Single Trip,147
T103385,Family,191
T103387,Single Trip,224
T103391,Single Trip,145
T103392,Annual,208
T103399,Annual,347
T103400,Single Trip,146
T103401,Annual,110
T103402,Single Trip,341
T103403,Annual,146
T103405,Single Trip,310
T103406,Family,402
T103407,Annual,239
T103408,Single Trip,249
T103409,Annual,304
T103411,Single Trip,92
T103413,Family,78
T103415,Single Trip,113
T103416,Single Trip,206
T103417,Annual,359
T103422,Single Trip,270
T103423,Single Trip,367
T103425,Annual,192
T103427,Annual,347
T103428,Single Trip,312
T103435,Annual,82
T103437,Annual,240
T103439,Family,282
T103442,Annual,188
T103444,Annual,334
T103445,Annual,200
T103446,Single Trip,311
T103447,Single Trip,313
T103448,Annual,127
T103451,Single Trip,69
T103454,Annual,374
T103456,Single Trip,359
T103457,Annual,402
T103458,Annual,66
T103459,Family,307
T103461,Single Trip,94
T103462,Family,226
T103463,Single Trip,348
T103466,Annual,140
T103467,Annual,185
T103468,Single Trip,229
T103472,Family,217
T103475,Single Trip,52
T103476,Single Trip,184
T103477,Annual,361
T103478,Annual,79
T103484,Annual,175
T103485,Single Trip,273
T103486,Single Trip,188
T103491,Single Trip,303
T103492,Annual,145
T103493,Annual,116
T103495,Annual,391
T103496,Single Trip,327
T103498,Annual,157
T103499,Family,82
T103500,Single Trip,209
T103504,Single Trip,335
T103510,Family,274
T103513,Single Trip,308
T103514,Annual,242
T103516,Single Trip,387
T103517,Single Trip,89
T103519,Annual,350
T103520,Single Trip,407
T103521,Family,361
T103525,Single Trip,150
T103526,Single Trip,404
T103527,Single Trip,406
T103528,Annual,361
T103531,Single Trip,164
T103532,Single Trip,343
T103533,Single Trip,366
T103534,Annual,118
T103537,Single Trip,142
T103545,Family,328
T103546,Single Trip,348
T103547,Single Trip,282
T103549,Single Trip,247
T103551,Single Trip,405
T103552,Annual,172
T103553,Family,315
T103554,Annual,402
T103555,Family,142
T103556,Annual,71
T103558,Single Trip,106
T103559,Single Trip,295
T103560,Annual,150
T103562,Family,312
T103563,Annual,225
T103565,Annual,367
T103572,Single Trip,289
T103573,Annual,266
T103575,Annual,125
T103576,Family,167
T103577,Annual,132
T103580,Single Trip,68
T103581,Annual,158
T103582,Single Trip,401
T103589,Single Trip,347
T103590,Annual,133
T103592,Family,182
T103593,Annual,316
T103595,Single Trip,74
T103598,Single Trip,315
T103599,Single Trip,249
T103600,Annual,312
T103601,Annual,47
T103603,Annual,395
T103604,Single Trip,297
T103605,Annual,109
T103606,Single Trip,360
T103607,Annual,56
T103608,Annual,107
T103609,Single Trip,341
T103612,Single Trip,361
T103613,Annual,81
T103615,Single Trip,299
T103616,Annual,348
T103617,Family,81
T103619,Single Trip,73
T103620,Family,130
T103622,Single Trip,127
T103623,Annual,130
T103624,Single Trip,342
T103625,Annual,122
T103629,Family,244
T103630,Single Trip,170
T103631,Family,164
T103632,Annual,385
T103633,Family,164
T103637,Annual,129
T103638,Annual,130
T103639,Family,392
T103642,Annual,358
T103643,Annual,251
T103644,Single Trip,251
T103645,Single Trip,238
T103646,Annual,265
T103647,Single Trip,297
T103648,Single Trip,67
T103649,Family,347
T103651,Annual,328
T103653,Family,404
T103654,Single Trip,205
T103655,Single Trip,46
T103657,Single Trip,184
T103659,Family,194
T103662,Single Trip,274
T103663,Family,112
T103664,Single Trip,74
T103665,Single Trip,101
T103666,Annual,301
T103668,Annual,100
T103670,Annual,282
T103671,Single Trip,311
T103672,Annual,258
T103673,Annual,64
T103674,Single Trip,87
T103676,Single Trip,358
T103679,Single Trip,278
T103681,Annual,327
T103682,Annual,397
T103683,Annual,198
T103685,Family,381
T103686,Annual,204
T103687,Annual,384
T103689,Annual,299
T103690,Family,128
T103692,Single Trip,49
T103693,Annual,388
T103694,Single Trip,190
T103695,Family,368
T103698,Single Trip,112
T103703,Single Trip,217
T103704,Annual,112
T103707,Annual,89
T103708,Single Trip,251
T103710,Annual,210
T103712,Annual,137
T103716,Single Trip,171
T103717,Single Trip,185
T103721,Single Trip,128
T103722,Annual,313
T103723,Single Trip,155
T103724,Annual,277
T103726,Single Trip,321
T103727,Single Trip,168
T103728,Annual,69
T103729,Single Trip,63
T103731,Single Trip,265
T103732,Family,54
T103733,Family,91
T103735,Annual,227
T103736,Annual,152
T103737,Annual,203
T103738,Single Trip,307
T103739,Single Trip,343
T103741,Annual,189
T103745,Annual,75
T103746,Annual,119
T103750,Family,363
T103751,Single Trip,50
T103752,Single Trip,124
T103754,Single Trip,407
T103756,Annual,176
T103757,Single Trip,57
T103759,Single Trip,367
T103761,Annual,321
T103763,Annual,359
T103765,Single Trip,298
T103766,Annual,238
T103767,Family,310
T103769,Annual,75
T103771,Annual,83
T103772,Single Trip,266
T103773,Annual,220
T103776,Single Trip,330
T103778,Family,395
T103780,Single Trip,143
T103783,Family,169
T103784,Single Trip,113
T103785,Annual,346
T103786,Annual,231
T103787,Single Trip,174
T103790,Single Trip,325
T103792,Single Trip,219
T103793,Annual,234
T103794,Annual,357
T103796,Family,134
T103797,Single Trip,290
T103799,Annual,370
T103800,Single Trip,374
T103801,Annual,372
T103806,Single Trip,124
T103807,Family,291
T103809,Annual,260
T103812,Annual,72
T103813,Single Trip,246
T103815,Single Trip,132
T103816,Single Trip,239
T103817,Annual,276
T103819,Annual,306
T103820,Single Trip,337
T103823,Single Trip,264
T103824,Single Trip,222
T103825,Annual,409
T103828,Single Trip,159
T103829,Single Trip,156
T103830,Single Trip,376
T103831,Single Trip,406
T103833,Annual,187
T103834,Annual,368
T103835,Single Trip,388
T103837,Single Trip,364
T103839,Annual,244
T103841,Single Trip,329
T103842,Family,275
T103843,Annual,58
T103845,Annual,91
T103846,Annual,397
T103848,Annual,145
T103849,Single Trip,110
T103850,Single Trip,410
T103852,Annual,172
T103856,Family,314
T103857,Family,340
T103861,Single Trip,223
T103863,Family,282
T103864,Annual,240
T103866,Single Trip,215
T103867,Family,77
T103873,Family,84
T103877,Annual,338
T103879,Annual,364
T103881,Annual,71
T103882,Annual,160
T103884,Single Trip,190
T103885,Single Trip,60
T103887,Family,198
T103889,Single Trip,401
T103893,Single Trip,271
T103894,Single Trip,386
T103900,Single Trip,200
T103901,Single Trip,328
T103903,Single Trip,405
T103905,Family,246
T103907,Annual,344
T103909,Family,118
T103911,Family,404
T103915,Annual,415
T103918,Single Trip,239
T103920,Single Trip,82
T103921,Family,158
T103923,Annual,159
T103924,Annual,412
T103927,Family,67
T103928,Single Trip,75
T103930,Family,357
T103931,Annual,392
T103932,Single Trip,141
T103937,Family,80
T103938,Annual,400
T103944,Single Trip,347
T103946,Single Trip,317
T103949,Annual,337
T103950,Annual,400
T103951,Single Trip,292
T103954,Single Trip,82
T103956,Single Trip,338
T103960,Annual,77
T103967,Annual,78
T103968,Annual,226
T103969,Single Trip,185
T103972,Single Trip,257
T103975,Single Trip,171
T103977,Family,361
T103982,Annual,413
T103983,Single Trip,406
T103984,Single Trip,222
T103985,Single Trip,242
T103989,Annual,63
T103990,Annual,374
T103992,Annual,142
T103993,Single Trip,137
T103994,Single Trip,361
T103995,Annual,412
T103996,Single Trip,379
T103997,Single Trip,53
T103999,Single Trip,392
T104001,Annual,203
T104003,Annual,99
T104006,Single Trip,101
T104008,Annual,303
T104009,Single Trip,347
T104010,Annual,195
T104011,Annual,270
T104012,Single Trip,320
T104015,Family,203
T104016,Single Trip,354
T104017,Annual,154
T104020,Annual,142
T104021,Annual,224
T104022,Single Trip,232
T104023,Single Trip,163
T104024,Family,167
T104025,Family,158
T104026,Annual,215
T104029,Single Trip,304
T104030,Annual,153
T104034,Single Trip,301
T104037,Single Trip,172
T104040,Single Trip,116
T104043,Family,147
T104044,Single Trip,352
T104047,Single Trip,156
T104049,Single Trip,288
T104053,Annual,261
T104056,Annual,304
T104057,Single Trip,270
T104060,Annual,418
T104061,Single Trip,390
T104062,Single Trip,166
T104064,Single Trip,191
T104066,Single Trip,182
T104067,Family,291
T104068,Annual,228
T104072,Single Trip,407
T104075,Family,313
T104079,Annual,219
T104084,Single Trip,163
