data_label,AgeGroup,Location,ComChannel,customers
synthetic_demo,18-24,Rural,Email,282
synthetic_demo,18-24,Rural,Phone,135
synthetic_demo,18-24,Rural,SMS,130
synthetic_demo,18-24,Urban,Email,414
synthetic_demo,18-24,Urban,SMS,242
synthetic_demo,18-24,Urban,Phone,100
synthetic_demo,25-34,Rural,Email,62
synthetic_demo,25-34,Rural,SMS,25
synthetic_demo,25-34,Rural,Phone,23
synthetic_demo,25-34,Urban,Email,78
synthetic_demo,25-34,Urban,SMS,33
synthetic_demo,25-34,Urban,Phone,19
synthetic_demo,35-44,Rural,Phone,49
synthetic_demo,35-44,Rural,Email,32
synthetic_demo,35-44,Rural,SMS,8
synthetic_demo,35-44,Urban,Email,54
synthetic_demo,35-44,Urban,Phone,53
synthetic_demo,35-44,Urban,SMS,18
synthetic_demo,45-54,Rural,Phone,452
synthetic_demo,45-54,Rural,Email,362
synthetic_demo,45-54,Rural,SMS,80
synthetic_demo,45-54,Urban,Email,482
synthetic_demo,45-54,Urban,Phone,466
synthetic_demo,45-54,Urban,SMS,160
synthetic_demo,55-64,Rural,Phone,57
synthetic_demo,55-64,Rural,Email,17
synthetic_demo,55-64,Rural,SMS,3
synthetic_demo,55-64,Urban,Phone,76
synthetic_demo,55-64,Urban,Email,24
synthetic_demo,55-64,Urban,SMS,11
synthetic_demo,65+,Rural,Phone,43
synthetic_demo,65+,Rural,Email,9
synthetic_demo,65+,Rural,SMS,1
synthetic_demo,65+,Urban,Phone,64
synthetic_demo,65+,Urban,Email,14
synthetic_demo,65+,Urban,SMS,7
